name,energy,fat,carbohydrates,sugar,fibers,protein,salt
Agar_Agar,160,0.2,0,0,74.1,2.4,0.3
Agave_syrup,293,0,73.1,0,0,0.2,0
Almond,624,52.1,7.8,6.6,10.6,25.6,0
Almond_drink_plain,33,2.6,1.3,1.3,0.3,1.1,0.1
Almond_drink_plain_with_calcium_and_vitamin_fortified,33,2.6,1.3,1.3,0.3,1.1,0.1
Almond_dry_roasted_salted,637,52.5,10.1,4.9,10.9,25.4,0.6
Almond_roasted_salted,649,55.2,7.2,4.6,10.5,25.6,0.8
Amaranth_seed_cooked_(without_addition_of_fat_and_salt),119,2.1,18.1,0.5,3.5,5,0
Amaranth_seed_raw,376,7,56.8,1.7,11,15.8,0
Amaretti_(Almond_cookie),464,13,76.7,76.4,2.6,8.8,0.1
Anchovis_paste,272,21.3,0.2,0.1,0,19.8,19
Appenzeller_at_least_15%_fidm,235,11.4,0,0,0,33.1,2
Appenzeller_at_least_45%_fidm,384,31.7,0,0,0,24.3,1.6
Apple_juice,50,0.1,11.9,11.3,0.2,0.2,0
Apple_pie_home-made_baked_(with_cake_dough),147,6.6,18.5,9.4,1.3,2.6,0.2
Apple_pie_home-made_baked_(with_puff_pas  y),145,6.8,17.8,9.4,1.3,2.4,0.3
Apple_fresh,52,0.3,11.6,11.5,1.4,0.3,0
Apple_peeled_dried,264,1.6,55.4,50,11.2,1.4,0
Apple_stewed_drained_(without_addition_of_sugar),56,0.3,12.2,12.1,1.5,0.3,0
Applesauce_sweetened_canned,89,0.3,20.5,20.4,1.9,0.3,0
Applesauce_unsweetened_canned,55,0.3,11.7,11.6,2.1,0.3,0
Apricot_pie_home-made_baked_(with_cake_dough),141,6.5,16.8,6.2,1.5,3,0.2
Apricot_pie_home-made_baked_(with_puff_pas  y),139,6.7,16.1,6.2,1.5,2.8,0.3
Apricot_dried,239,0.5,59.1,34.3,8.3,2.9,0
Apricot_in_syrup_canned_drained,62,0.1,13.7,13.3,1.4,0.9,0
Apricot_raw,44,0.1,9,6.7,1.7,0.8,0
Apricot_stewed_drained_(without_addition_of_sugar)_,45,0.2,9,6.7,1.7,1,0
Apricot_with_sweetener_canned_drained,40,0.1,8.2,6.1,1.4,0.9,0
Artichoke_heart_canned_drained,27,0.5,2.3,1.2,3.2,1.8,0.8
Asparagus_raw,27,0.2,3.3,3.2,1.7,2.2,0
Asparagus_steamed_(without_addition_of_salt),26,0.2,3.1,3,1.6,2.1,0
Avocado_fresh,158,15.1,1.2,1.1,5.5,1.6,0
Bacon_for_cooking,322,27.6,0.6,0.6,0,17.8,2.8
Bacon_raw,400,34.3,0.6,0.6,0,22.1,3.8
Baguette,255,0.9,51.2,0.5,2.9,9,1.6
Balsamic_vinegar,128,0.6,25.8,19.1,0.5,0.7,0.1
Bami_Goreng_prepared,130,2.4,13.1,1.3,0.9,13.5,1
Banana_dried,273,1,60.2,43.7,5.5,3,0
Banana_dried_(banana_chips),370,1.8,80.7,65.3,7.6,3.9,0
Banana_raw,89,0.1,19.7,15.6,2.7,1.1,0
Barley_flakes,333,1.5,66.1,2.2,10.3,8.5,0
Barley_risotto_cooked,135,2.2,24.6,1.3,1.7,3.5,0.8
Basil_raw,46,0.8,5.1,5,3.1,3.1,0
Basler_Leckerli_(Swiss_biscuit_from_Basel),412,7.9,75,52,2.8,7.5,0
Bean_green_dried,318,2,42.1,22.2,25.3,20.2,0.1
Bean_green_raw,32,0.2,4.1,3.3,3,1.9,0
Béchamel_sauce_home-made,147,9.9,10.1,4.8,0.2,4.2,0.7
Beef_(average_excluding_offal_chop)_raw,134,5.4,0,0,0,21.4,0.1
Beef_ragout_with_sauce_prepared,85,2.8,3,1.2,0.6,11.6,0.8
Beef_boiling_meat_lean_cooked_(without_addition_of_fat_and_salt),190,7.1,0,0,0,31.7,0.1
Beef_boiling_meat_with_fat_cooked_(without_addition_of_fat_and_salt),276,18.9,0,0,0,26.6,0.1
Beef_boiling_meat_lean_raw,132,5.5,0,0,0,20.7,0.1
Beef_boiling_meat_with_fat_raw,227,16.6,0,0,0,19.5,0.2
Beef_breast_cooked_(without_addition_of_fat_and_salt),254,15.6,0,0,0,28.3,0.1
Beef_breast_raw,188,12.5,0,0,0,18.9,0.1
Beef_chopped_raw,102,1.5,0,0,0,22.2,0.1
"Beef_en  côte_steak_pan_fried_""medium""_(without_addition_of_fat_and_salt)",162,4.6,0,0,0,30.2,0.1
Beef_en  ecôte_steak_raw,133,4.5,0,0,0,23.2,0.1
Beef_eye_of_round_raw,106,1.8,0,0,0,22.4,0.1
"Beef_Filet_fried_in_oven_""medium""_(without_addition_of_fat_and_salt)",128,2,0,0,0,27.7,0.1
Beef_filet_raw,105,2,0,0,0,21.9,0.1
Beef_liver_raw,138,3.9,5.3,0,0,20.5,0.3
Beef_minced_pan_fried_(without_addition_of_fat_and_salt),211,8.9,0,0,0,32.6,0.2
Beef_minced_raw,154,7.5,0,0,0,21.6,0.2
Beef_prime_rib_raw,165,9,0,0,0,21.1,0.1
Beef_ragout_(goulash)_raw,150,8.1,0,0,0,19.3,0.1
Beef_ragout_raw,97,1.3,0,0,0,21.2,0.1
Beef_rib_raw,155,7.3,0.5,0,0,21.7,6.2
Beef_round_schnitzel_raw,111,2.3,0,0,0,22.6,0.1
Beef_shoulder_(roast)_raw,117,3.5,0,0,0,21.6,0.1
Beef_shoulder_medium_roast_in_oven_(without_addition_of_fat_and_salt),146,3.6,0,0,0,28.5,0.1
Beef_shoulder_rare_roast_in_oven_(without_addition_of_fat_and_salt),135,3.3,0,0,0,26.3,0.1
Beef_shoulder_well_done_roast_in_oven_(without_addition_of_fat_and_salt),170,4.2,0,0,0,33.1,0.2
Beef_tongue_raw,196,13,3.7,0,0,16,0.2
Beer_shandy_(average),39,0,7.4,7.1,0,0.2,0
Beer_five_grain,40,0,2,2,0,0.6,0
Beer_lager,42,0,3.1,2.2,0,0.5,0
Beer_non-alcoholic,23,0,4.9,2.6,0,0.4,0
Bee  oot_raw,46,0.1,8.4,8.4,2.5,1.5,0.1
Bee  oot_steamed_(without_addition_of_salt),54,0.1,10,10,3,1.8,0.1
Bell_pepper_green_raw,20,0.3,2.6,2.5,2,0.8,0
Bell_pepper_green_stewed_(without_addition_of_fat_and_salt),25,0.4,3.2,3.1,2.5,1,0
Bell_pepper_red_raw,32,0.4,5.2,5.1,2,0.9,0
Bell_pepper_red_stewed_(without_addition_of_fat_and_salt),39,0.4,6.4,6.2,2.5,1.1,0
Berliner_pas  y,336,12.8,45.8,17.1,2.2,8.4,0.6
Bernese_alp_cheese,453,38.3,0,  ,0,27.1,1.6
Bernese_cheese_for_slicing,491,41.2,0,  ,0,30,1.7
Bernese_tongue_sausage,333,29.4,0,0,0,17.3,1.5
Berries_(average)_cooked_(without_addition_of_sugar),35,0.6,5.3,5,3.2,0.7,0
Berries_(average)_raw,40,0.5,6.3,5.9,3.7,0.7,0
Biber_(Filled_ginger_bread_type),355,5.6,65.6,36.9,3,7.8,0
Bierwurst_(coarse_heat-  eated_cured_&_smoked_sausage_beef_and_pork),291,25.4,0,0,0,15.6,1.4
Birchermüesli_prepared_(no_sugar_added),86,3.1,11.1,8.2,1.5,2.6,0
Birnenweggen_pas  y_with_pear,363,10.4,57.2,33.5,6.9,4.9,0.8
Black_forest_cake,248,16.1,21.4,12,0.9,3.9,0.1
Black_pudding,149,10.9,2.5,2.4,0.1,10.2,2
Black_salsify_raw,55,0.4,2.1,2,18.3,1.4,0
Black_salsify_steamed_(without_addition_of_salt),57,0.5,2.2,2.1,19.1,1.5,0
Blackberry_pie_home-made_(with_sweet_short_pas  y_base),215,11.7,22.3,10.2,3.6,3.2,0.1
Blackberry_pie_home-made_baked_(with_cake_dough),144,6.9,15.2,5.8,3.9,3.2,0.2
Blackberry_pie_home-made_baked_(with_puff_pas  y),141,7.1,14.5,5.8,3.8,3,0.3
Blackberry_fresh,47,0.7,6.5,6.1,5.2,1.1,0
Blanc_battu_with_fruits_with_sweetener,67,0.2,8.3,5.2,0.3,8,0.1
Blanc_battu_plain_low_fat,47,0,3.9,3.9,  .,7.8,0.1
Blue_cheese_(average),360,31.5,0.2,0.1,0,19.1,3.8
Blueberry_freeze-dried,338,4.4,56.4,46.4,24.4,6.1,0
Blueberry_raw,52,0.3,10.6,10,1.5,0.9,0
Boiling_meat_salad_prepared,201,14.9,1.5,1.2,0.5,15,0.8
Bouillon_meat_prepared,5,0.3,0.2,0,  .,0.3,1.1
Bouillon_poul  y_prepared,5,0.3,0.3,0.1,  .,0.3,1
Bouillon_vegetable_prepared,6,0.4,0.4,0.1,  .,0.3,0.9
Braided_bread_wholemeal_made_with_butter,272,6.4,40.4,0.9,7.3,9.5,1.2
Braided_white_bread_made_with_butter,325,11.4,45.7,2.9,2.1,9,1.5
Brazil_nut,698,66.5,4.2,2.3,7.5,17,0
Bread_(average),264,4.6,44.6,1.3,3.7,9.2,1.6
Bread_for_toasting_dark_or_multigrain,272,4.7,45.6,4,5.2,9.1,1.3
Bread_for_toasting_white_made_with_butter,316,10.4,45.7,2.7,2.2,8.9,1.4
Bread_for_toasting_white_made_with_vegetable_oil,267,3.3,49.2,4.4,2.9,8.7,1.3
Bread_for_toasting_wholemeal,271,4.9,43.7,4.2,7.4,9.3,1.3
Bread_roll_(semi_white),215,1,41.5,0.4,2.9,8.6,1.9
Bread_roll_from_St._Gallen_(semi_white),231,1,44.6,0.3,3.5,9.1,2.1
Bread_roll_with_chocolate,366,14.3,49.7,16.3,2.2,8.6,1.3
Bread_roll_white,255,0.8,51.8,0.7,2.5,8.7,1.7
Bread_with_walnuts,332,17.9,30.8,2,5.8,9.2,1.2
Breadcrumbs,373,2.1,73.5,4.4,4.5,12.7,1
Bresaola_(cured_beef),167,3.9,0.4,  .,0,32.4,6.8
Brie_at_least_45%_fidm,298,23.5,0,0,0,21.4,1.3
Brie_at_least_50%_fidm,342,30,0,0,0,17.7,1.4
Broccoli_raw,39,0.6,3.2,1.9,3.2,3.6,0
Broccoli_steamed_(without_addition_of_salt),35,0.5,2.9,1.7,2.8,3.3,0
Brown_bread,234,1.2,44.3,0.5,4.1,9.5,1.6
Brown_bread_(with_iodized_salt),234,1.2,44.3,0.5,4.1,9.5,1.6
Brunsli_(chocolate_cookie),515,29.9,43.3,39.4,6.8,14.9,0.1
Brussel_sprouts_steamed_(without_addition_of_salt),37,0.4,3,2.5,3.6,3.6,0
Brussels_sprouts_raw,41,0.4,3.3,2.8,4,4,0
Buckwheat_flour,348,2.2,68.4,0,4.2,11.5,0
Buckwheat_grain_peeled,346,1.7,71,0.4,3.7,9.8,0
Burger_patty_(beef)_pan_fried_in_HOLL_rapeseed_oil,187,9.1,6.4,1.2,0.7,19.5,0.7
Butter_cake,430,24.7,44.7,26.6,0.8,6.9,0.2
Butter_croissant_white,432,24.2,43.5,3.3,2.6,8.7,1.2
Butter_croissant_wholemeal,368,19.7,38.7,2.2,4.2,6.8,1.1
Butter_of_choice,746,82.3,0.7,0.6,0,0.7,0
Butter_40%_fat,391,39.8,3.5,3.5,0,4.8,0.3
Butter_cheese_dairy,747,82.5,0.6,0.5,0,0.4,0
Butter_clarified,885,98.3,0,0,0,0.1,0
Butterhead_lettuce_raw,14,0.2,1.1,1,1.6,1.3,0
Buttermilk,34,0.5,4,4,0,3.4,0.1
Cabbage_sausage,363,32.4,1.6,1.5,0.8,15.9,2.5
Cabbage_vegetables_(average)_boiled_(without_addition_of_salt_and_fat),29,0.4,3.1,2.6,2.4,2.2,0
Cabbage_vegetables_(average)_raw,30,0.4,3.2,2.8,2.5,2.3,0
Cake_dough_(with_butter)_raw,375,21.2,38.5,0.3,1.8,6.7,0.8
Cake_dough_(with_vegetable_fat)_raw,394,23.5,38.1,0.2,1.8,6.6,0.8
Cake_dough_whole_(with_butter)_raw,372,21.5,33.8,0.7,6.1,7.6,0.8
Cake_dough_whole_(with_vegetable_fat)_raw,359,20.2,33.7,0.6,6.1,7.6,0.9
Cake_financier,440,26.1,38.5,29.9,3.3,11.1,0.1
Cake_with_carrots,303,16.4,25.8,19.6,3.9,11.1,0.2
Calimocho_(red_wine_mixed_with_cola),55,0,5.2,5.1,0,0.1,0
Camembert_at_least_25%_fidm,188,10,0,0,0,24.4,1.5
Camembert_at_least_45%_fidm,297,23.7,0,0,0,20.8,2.2
Camembert_at_least_50%_fidm,355,31.7,0,0,0,17.1,1.2
Candied_lemon_peel,289,0.4,70,70,2,0.4,0
Candied_orange_peel,306,0.3,74.3,74.3,2.3,0.4,0
Candy_toffee,351,3.6,79.3,79.3,0,0.4,0.3
Cannelloni_filled_with_meat_prepared,177,9,13.8,2.1,1.6,9.5,0.7
Cannelloni_filled_with_spinach_and_ricotta_prepared,221,14.3,14.6,1.5,1.5,7.8,0.9
Cappuccino_(without_chocolate_powder)_no_sugar_added,37,2.2,2.6,2.5,0,1.7,0.1
Capuns_prepared,165,10.2,9.7,0.9,0.8,8,1
Carnival_pas  y,553,32.9,51.7,1.9,2.3,11.5,0.1
Carrot_juice,33,0.1,6.8,4.8,0.9,0.7,0.1
Carrot_raw,42,0.4,7.6,6,2.7,0.6,0.1
Carrot_steamed_(without_addition_of_salt),44,0.4,8,6.3,2.8,0.7,0.1
Cashew_nut,619,48.1,23.2,3.1,3.6,21.5,0
Cauliflower_raw,26,0.7,2.1,1.7,2,1.8,0
Cauliflower_steamed_(without_addition_of_salt),26,0.7,2.1,1.7,2,1.8,0
Celeriac_piccata_prepared,136,8.2,8.4,1.5,3.5,5.4,0.3
Celeriac_slices_breaded_prepared,139,5.7,15.4,1.9,4,4.7,0.3
Celeriac_raw,32,0.3,4,1.6,3.8,1.4,0.1
Celeriac_steamed,32,0.3,4,1.6,3.8,1.4,0.1
Celery_raw,20,0.4,2.4,1.3,2.2,0.6,0.2
Celery_steamed_(without_addition_of_salt),20,0.4,2.4,1.3,2.2,0.6,0.2
Cereal_bar_with_chocolate_coating,459,20.2,58,37.1,5.7,8.5,0.4
Cereal_bar_without_cover_and_filling,416,12.8,64.2,32.1,6,7.9,0.4
Cereal_flakes_(average),348,3.2,64,1.5,9.7,10.8,0
Cervelat_(Swiss_sausage),249,21.5,0.5,0.5,0,13.4,2.1
Chanterelle_raw,24,0.5,0.2,0.2,4.7,2.3,0
Chanterelle_stewed_(without_addition_of_fat_and_salt),28,0.6,0.2,0.2,5.7,2.6,0
Cheese_and_sausage_salad_prepared,262,22.6,0.7,0.6,0.3,13.8,1.4
Cheese_bread_slices_prepared,272,12.1,26,1,2.3,13.8,1.4
Cheese_grated,406,32.1,0,0,0,29.3,1.7
Cheeseburger,281,14.2,24.3,3.3,1.6,13.2,1.6
Cherry_pie_from_Zug,335,18.7,34.6,27,1.5,4.8,0.2
Cherry_pie_home-made_baked_(with_cake_dough),153,6.7,19.5,8.4,1.5,3,0.2
Cherry_pie_home-made_baked_(with_puff_pas  y),151,6.9,18.8,8.4,1.4,2.8,0.3
Cherry_raw,62,0.4,13,10,1.6,0.8,0
Cherry_stewed_drained_(without_addition_of_sugar),58,0.5,12,9.2,1.5,0.9,0
Chestnut_raw,210,1.9,41.2,14,8.4,2.9,0
Chia_seed,482,34.1,1.8,1.8,40.9,21.4,0
Chicken_egg_whole_hard_boiled,156,10.9,0.3,0.3,0,14,0.4
Chicken_breast_with_skin_raw,152,6.5,0,0,0,23.3,0.1
Chicken_breast_without_skin_raw,107,1,0,0,0,24.6,0.1
Chicken_brest_(schnitzel_ground)_pan_fried_(without_addition_of_fat_and_salt),128,0.8,0,0,0,30.1,0.1
Chicken_leg_with_skin_roasted_(without_addition_of_fat_and_salt),187,10.2,0,0,0,23.9,0.2
Chicken_leg_with_skin_raw,163,10.2,0,0,0,17.9,0.2
Chicken_leg_without_skin_raw,135,6.2,0,0,0,19.7,0.2
Chicken_whole_with_skin_roasted_(without_addition_of_fat_and_salt),193,10.3,0,0,0,25.1,0.2
Chicken_whole_with_skin_raw,168,10.3,0,0,0,18.8,0.2
Chickenburger,247,11,23.8,2.9,1.2,12.7,1.2
Chickpea_cooked_(without_addition_of_fat_and_salt),127,2,16.8,0.9,6.2,7.3,0
Chickpea_dried,327,4.9,44.3,2.4,15.5,18.6,0
Chicory_raw,20,0.2,2.8,2.4,1.2,1.1,0
Chicory_steamed_(without_addition_of_salt),20,0.2,2.8,2.4,1.2,1.1,0
Chili_con_carne_prepared,115,3.6,8.7,2.1,3.1,10.4,0.4
Chinese_cabbage_raw,14,0.2,1.2,1.2,1.1,1.4,0
Chinese_cabbage_stewed_(without_addition_of_fat_and_salt),14,0.2,1.2,1.1,1,1.3,0
Chives_fresh,30,0.6,1.9,1.9,2.3,3,0
Chocolate_meringues,444,9.9,83.5,82.4,2.2,4.2,0.1
Chocolate_meringues_with_chocolate_base,486,19.4,71.5,70.2,2,5.2,0.3
Chocolate_powder,398,7.8,71.3,70.6,10.5,5.3,0
Chocolate_ring_cake,380,18.4,46.3,22.9,1.9,6.4,0.1
Chocolate_sauce,122,3,20,18.7,0.5,3.6,0.2
Chocolate_dark,537,31.8,53.4,50,7,5.7,0
Chocolate_white,567,35.2,55.8,55.3,0.2,6.7,0.3
chop_(average_of_veal_pork_lamb)_pan_fried_(without_addition_of_fat_and_salt),223,12,0,0,0,28.8,0.1
Chop_(average_of_veal_pork_lamb)_raw,177,10.2,0,0,0,21.3,0.1
Chräbeli_(aniseed_cookie),366,2.9,75.3,40.5,2,8.6,0.2
Cider_4_vol%,32,0,2.5,2.5,0,0,0
Cider_6.2_vol%,64,0,7.3,7.3,0,0,0
Cinnamon,317,3.2,56,55.4,24.4,3.9,0.1
Cinnamon_cookie_star-shaped,505,25.9,50.9,50.3,5.6,14.2,0.1
Ci  us_fruits_(average)_raw,41,0.3,8,7.4,2.1,0.8,0
Cocktail_sauce_with_rapeseed_mayonnaise_home-made,696,74.5,3.8,3.7,0.2,2.4,0.7
Coco_macaroon,549,38.9,35.1,35.1,15.7,6.9,0.2
Cocoa_powder,419,24.5,10.8,2.2,32.7,22.5,0
Coconut,384,36.5,4.8,4.8,9,4.6,0.1
Coconut_drink_plain,22,1,2.8,1.9,0.1,0.4,0.1
Coconut_drink_plain_with_calcium_and_vitamin_fortified,22,1,2.8,1.9,0.1,0.4,0.1
Coconut_fat,894,99,0,0,0,0.8,0
Coconut_milk,214,21.3,3.1,1.7,0.1,2.4,0
Coconut_dried_(coco_flakes),653,61.3,5.3,5.3,24.7,7.6,0
Cod_filet_steamed_(without_addition_of_fat_and_salt),72,0.5,0,0,0,17,0.1
Cod_raw,76,0.4,0,0,0,18.1,0.1
Coffee_cream_UHT,161,15,3.8,3.8,0,2.6,0.2
Coffee_with_coffee_cream_no_sugar_added,13,1.1,0.5,0.3,0.1,0.3,0
Coffee_black_no_sugar_added,2,0,0.3,0,0.1,0.1,0
Coffee_instant_powder,253,  .,42.6,3.6,19.1,11.2,0.1
Cola_beverage_sweetened,40,0,10,10,0,0,0
Cola_beverage_with_sweetener,0,  .,0,0,0,0,0
Cold_cuts_(average),276,24.2,0.7,0.7,0,13.9,2
Coleslaw_salad_prepared,124,10.6,4.5,4,2.4,1.6,0.2
Common_bean_(all_types)_mature_seed_cooked_(without_addition_of_fat_and_salt),111,0.6,14.5,0.4,8.5,7.7,0
Common_bean_(all_types)_mature_seed_dried,305,1.5,40.7,1.2,22.6,20.9,0
Condensed_milk_sweetened,339,10,54.3,54.3,0,8,0.3
Condensed_milk_unsweetened,131,7.6,9.3,9.3,0,6.4,0.2
Cooked_cured_meat_(average),223,15.6,0.7,0.7,0,19.8,2.8
Cooked_sausages_(average),278,23.5,1.1,1,0.1,15.4,2.6
Cooked_sausages_not_smoked_(average),251,21.6,0.8,0.8,0,13.4,2
Cooked_smoked_sausages_(average),249,21.2,0.5,0.5,0,14,2.2
Cooking_butter,745,82.2,0.7,0.6,0,0.5,0
Coppa_(cured_pork_meat),319,22.5,0.3,0.3,0,28.8,3.8
Cordon_bleu_from_pork_schnitzel_fried,241,11.7,10.3,0.6,0.6,23.2,0.9
Cordon_bleu_from_veal_schnitzel_fried,233,11,10.3,0.6,0.6,22.9,0.9
Corn_germ_oil,810,90,0,0,0,0,0
Corn_semolina_cooked,79,0.2,16.7,0.3,1.1,2,0.6
Corn_semolina_dried,350,1.1,73.8,1.5,5,8.8,0
Cornflakes,363,0.6,79.7,7.2,4,7.7,1.7
Cotechino_(pork_sausage),450,42.3,0,0,0,17.2,4.4
Cottage_cheese,100,4.5,2.4,2.2,0,12.4,0.8
Cotto_(meat_product),93,3.1,0.6,0.6,0,15.7,2.3
Cow_milk_skimmed_UHT,33,0.1,4.7,4.7,0,3.3,0.1
Cracker_salty_snacks,449,15.9,66.3,0,2.1,9.2,1.5
Cranberry_fresh,36,0.5,6.2,6.1,2.9,0.3,0
Cream_(average),252,25.4,3.4,3.4,0,2.3,0.1
Cream_cheese_min._60%_fidm,351,32.1,4.5,2.3,0,11.1,1.3
Cream_slice,301,18.8,28.8,21.3,0.3,4.1,0.3
Cream_35%_fat_pasteurized,334,34.8,3.1,3.1,0,2,0.1
Cream_35%_fat_UHT,335,34.9,3.1,3.1,0,2,0.1
Cream_at_least_45_%_milk_fat_pasteurized,468,50,2.7,2.7,0,1.9,0.1
Cream_pasteurized_25%_fat,274,27.9,3.3,3.3,0,2.3,0.1
Cream_UHT,251,25.1,3.7,3.7,0,2.5,0.1
Crispbread_wholemeal,332,1.7,61.1,3.3,12.4,12,1.5
Crispbread_wholemeal_with_linseeds,352,5.7,55.2,3.1,13.8,12.9,1.5
Crispbread_wholemeal_with_sesame,360,6.9,55.3,3.1,12.4,13.1,1.5
Croissant_(average),400,22,41.1,2.7,3.4,7.8,1.2
Croissant_filled_with_nuts_puff_pas  y,419,26.9,36.2,15.8,2.7,6.8,0.5
Croissant_filled_with_nuts_yeast_dough,318,12.6,41.9,18.4,2.7,7.7,0.7
Croissant_pretzel_(with_iodized_salt),423,25,39.4,1.3,1.9,9.1,4.1
Croque_Monsieur_Hot_Sandwich_with_cheese_and_ham,260,9.4,26.6,2.6,1.8,16.4,2.3
Cucumber_pickled,14,0.1,2.1,1.9,1,0.7,1.8
Cucumber_raw,14,0.1,2,1.9,0.8,0.7,0
Curd_cheese_puff_pas  y_(with_butter)_raw,401,28.3,29,1.3,1.3,7.1,0.8
Curd_cheese_puff_pas  y_(with_vegetable_fat)_raw,388,26.9,28.8,1.2,1.3,7.1,0.9
Curd_with_fruits_with_sugar,112,2.4,14.1,13.4,0.1,8.4,0.1
Curds_min._40%_fidm,183,15.6,3.7,3.2,0,6.9,0.1
Curds_with_at_most_10%_fidm,61,0.2,4.2,3.5,0,10.6,0.1
Curds_plain_half_fat,99,5,4.1,3.4,0,9.4,0.1
Currant_black_raw,71,0.9,9.7,9.7,5.8,1.3,0
Currant_red_raw,50,0.7,7.1,6.6,4.6,1.6,0
Date_dried,289,0.6,64.7,64.7,7.5,2.4,0
Deer_(average)_raw,112,3.3,0,0,0,20.6,0.2
Deer_en  ecôte_raw,111,2.1,0,0,0,23.1,0.1
Dough_for_french_pizza_from_Alsace,221,2.9,39.9,0.6,2.7,7.5,1.3
Dried_meat_(Hobel-_Bündner-_Walliser-_Tessiner-_dried_meat),190,3.5,0.4,0.4,0,39.3,4.1
Drinking_water_(average_Switzerland),0,0,0,0,0,0,0
Dulce_de_Leche,299,7.3,52.6,52.6,0,5.7,0.2
Durum_wheat_semolina,353,1.4,71.4,1,3.4,12,0
Edible_boletus_fresh,39,0.4,0.5,0.1,6,5.4,0
Edible_boletus_stewed_(without_addition_of_fat_and_salt),46,0.5,0.6,0.1,7.3,6.1,0
Egg_liqueur_16.5_vol%,313,7.7,30.8,30.8,0,4.4,0
Egg_white_raw,45,0,0.4,0.4,0,10.8,0.5
Egg_yolk_raw,349,31.3,0.3,0.2,0,16.4,0.1
Egg_raw,140,9.8,0.3,0.3,0,12.6,0.4
Eggplant_piccata_prepared,138,8.3,8.9,2.3,2.7,5.6,0.2
Eggplant_slices_breaded_prepared,136,5.8,14.6,2.7,3.1,4.7,0.2
Eggplant_raw,21,0.1,2.4,2.4,2.7,1.1,0
Eggplant_steamed_(without_addition_of_salt),21,0.1,2.4,2.4,2.7,1.1,0
Eggplant_stewed_(without_addition_of_fat_and_salt),24,0.2,2.8,2.8,3.2,1.3,0
Elderberry_raw,63,1.7,7.4,7.4,4,2.5,0
Emmentaler_cheese_at_least_45%_fidm,408,32.6,0,0,0,28.4,0.4
Endive_raw,16,0.2,1.2,1.2,1.2,1.8,0.1
Energy_drink_with_sugar,44,0,10.9,10.8,0,0,0.2
Escalope_(average_of_beef_veal_pork_poul  y)_breaded_fried,233,10.8,10.1,0.5,0.6,23.5,0.8
Escalope_(average_of_beef_veal_pork_poul  y)_pan_fried_(without_addition_of_fat_and_salt),145,3.1,0.1,0,0,29.2,0.2
Escalope_(average_of_beef_veal_pork_poul  y)_raw,113,2.7,0.1,0,0,22.2,0.1
Espresso_with_coffee_cream_no_sugar_added,28,2.5,0.8,0.7,0.1,0.5,0
Eurasian_perch_raw,79,0.7,0,0,0,18,0.2
Ewe's_milk,105,7.1,4.7,4.7,0,5.5,0.1
Falafel_(deep_fried_in_HOLL_rapeseed_oil),222,7.9,26.2,1.9,6.4,8.3,0.7
Farmers'_bread,241,2,44.3,2.4,4.4,9.2,1.8
Fennel_raw,23,0.3,2.3,0.1,3.3,1.1,0
Fennel_steamed_(without_addition_of_salt),22,0.3,2.2,0.1,3.1,1,0
Fermented_dough,199,0.9,38.3,0.3,3,7.8,1.2
Feta_cow_milk,256,20.7,1.4,1.4,0,16,3.7
Feta_ewe-/goat_milk,242,18.8,1.5,0,0,16.7,3.3
Fig_dried,267,1.2,55.9,55.9,10,3.1,0.3
Fig_fresh,71,0.5,13.5,12.2,4.1,1.2,0
Fish_(average)_filet_steamed_(without_addition_of_fat_and_salt),146,7.5,0,0,0,19.6,0.2
Fish_(average)_raw_,146,6.9,0,0,0,20.9,0.2
Fish_fingers_(sticks)_breaded_and_pre_deep_fried,230,11.7,15.3,0.1,0.8,15.5,0.6
Fish_fingers/sticks_(breaded_and_pre_deep_fried)_fried_in_HOLL_rapeseed_oil,300,18.6,16.6,0.1,0.9,16,0.6
Fish_fingers/sticks_(breaded_and_pre_deep_fried)_oven_baked_(without_addition_of_fat),248,12.2,17.4,0.1,1,16.8,0.6
Fish_product_anchovy_in_oil_drained,182,8.5,0.2,0.1,0,26.4,12
Fish_product_sardine_in_oil_drained,215,13.7,0,0,0,23,1.2
Fish_hake_raw,71,0.3,0,0,0,17,0.2
Fish_plaice_raw,86,1.9,0,0,0,17.1,0.3
Fish_pollock_raw,80,0.3,0,0,0,19.3,0.1
Fish_sardine_raw,163,9,0,0,0,20.4,0.3
Fish_sole_raw,85,1.1,0,0,0,18.7,0.3
Fish_tuna_raw,149,6.2,0,0,0,23.4,0.1
Fishburger,262,11.5,26.7,3.9,1.5,12.2,1.1
Flat_white_(little_milk)_no_sugar_added,16,0.9,1.2,1,0.1,0.7,0
Flat_white_(much_milk)_no_sugar_added,22,1.2,1.6,1.4,0.1,1,0
Flat_white_no_sugar_added,19,1.1,1.4,1.3,0.1,0.9,0
Flaxseed_oil_cold_pressed,810,90,0,0,0,0,0
Flounder_filet_steamed_(without_addition_of_fat_and_Salt),69,0.8,0,0,0,15.5,0.4
Flounder_raw,72,0.7,0,0,0,16.5,0.4
Flour_(average),343,1.4,67.8,0.4,4.7,12.4,0
Flour_omelette_filled_with_mushrooms_prepared,125,6.2,10.8,1.2,1.5,5.7,0.6
Flour_omelette_filled_with_vegetables_prepared,137,5.1,16.3,2.6,1.4,5.8,0.6
Flour_omelette_with_bacon_prepared,188,8.9,17.3,1.3,0.8,9.3,1.1
Flour_omelette_with_cheese_prepared,194,8.9,18.2,1.3,0.8,10,0.9
Flour_omelette_with_ham_prepared,155,5.1,17.3,1.3,0.8,9.7,1
Flour_omelette_with_Nutella_prepared,259,12.3,29.1,14.4,1.4,7.2,0.6
Flour_omelette_with_sugar_and_cinnamon_prepared,177,5.3,24.5,6.5,0.8,7.2,0.8
Flour_omelette_prepared,165,5.6,20.4,1.4,0.9,7.6,0.8
Flour_white_and_semi-white_(average),344,1.3,68.9,0.4,3.8,12.2,0
Fondue_moitié-moitié_prepared,291,20.8,1,0,0,16.7,1
Fondue_without_alcohol_prepared,283,21.5,1.6,1,0,18.7,0.3
Fondue_prepared,315,22.4,1,0.1,0,19.6,0.3
French_fries_(baked_in_the_oven)_unsalted,232,9.1,33,1.6,2.5,3.3,0
French_fries_(deep_fried_in_HO_sunflower_oil)_unsalted,286,15.4,32.4,1.6,2.5,3.2,0
French_fries_for_oven_deep-frozen,127,5,18.1,0.9,1.4,1.8,0
French_omelette_with_bacon_prepared,175,13.4,1.3,1.3,0.1,12.5,0.7
French_omelette_with_cheese_prepared,192,14.5,1.2,1.2,0.1,14,1
French_omelette_with_ham_prepared,143,9.6,1.3,1.3,0.1,12.8,1
French_omelette_prepared,151,11.1,1.4,1.4,0,11.4,0.8
French_pizza_from_Alsace_baked,254,13.9,22.7,1.8,1.4,8.9,1
French_toast_unsweetened,222,9.9,24.5,1.7,1.2,8,0.9
Fruit_(average)_dried,278,1.1,60.5,51.8,8.2,2.5,0.1
Fruit_cocktail_in_syrup_canned_drained,77,0.2,17.3,16.2,1.8,0.6,0
Fruit_cocktail_with_sweetener_canned_drained,47,0.2,9.5,8.4,2,0.7,0
Fruit_juice_(average)_no_sugar_added,52,0.1,12.3,11.6,0.2,0.4,0
Fruit_juice_diluted_(average_60%_juice_-_40%_water)_no_sugar_added,31,0.1,7.4,6.9,0.1,0.2,0
Fruit_pie_(average),166,8.4,18.3,8,2.6,3,0.2
Fruit_pie_with_cake_dough_(average),143,6.7,16.6,6.9,2.2,3,0.2
Fruit_pie_with_puff_pas  y_(average),141,6.9,15.9,6.9,2.1,2.8,0.3
Fruit_pie_with_sweet_short_pas  y_base_(average),215,11.7,22.5,10.4,3.4,3.3,0.1
Fruits_(average)_cooked_(without_addition_of_sugar),50,0.4,9.9,9.3,2.2,0.6,0
Fruits_raw_(average),54,0.2,11.3,10.2,2.1,0.6,0
Game_meat_(average)_cooked_(without_addition_of_fat_and_Salt),157,4.6,0,0,0,29,0.2
Game_meat_(average)_raw,115,3.4,0,0,0,21.1,0.2
Garlic_raw,137,0.5,24.5,2.4,3,7,0
Glucose,399,0,99.8,99.8,0,0,0
Goat_(average)_raw,149,7.9,0,0,0,19.5,0.1
Goat_milk,57,3.2,4.2,4.2,0,2.8,0.1
Gooseberry_raw,39,0.2,7.1,7.1,3,0.8,0
Gorgonzola,357,31.2,0.1,0.1,0,19,3.6
Goulash_soup,67,2.4,6.3,1.4,0.4,4.8,0.6
Grape_juice,71,0.1,17.3,17,0.1,0.3,0
Grape_seed_oil,810,90,0,0,0,0,0
Grape_green_fresh,69,0.3,15.2,14.6,1.5,0.7,0
Grapefruit_(white_or_red)_raw,42,0.5,8,6.6,0.9,0.9,0
Graubünden_barley_soup,42,0.9,6.7,1.3,0.5,1.4,0.9
Gravy_brown,44,2.5,3.5,1.5,0.5,1.5,2.3
Gravy_thickened,53,3,4.6,0.8,0.5,1.6,1.4
Green_bean_dried_soaked_steamed_(without_addition_of_salt),79,0.5,10.5,5.6,6.3,5.1,0
Green_bean_steamed_(without_addition_of_salt),34,0.2,4.4,3.4,3.2,2,0
Green_pea_raw,90,0.7,12,5.5,6,6,0
Green_pea_steamed_(without_addition_of_salt),100,0.8,13.2,6.1,6.6,6.6,0
Green_peas_(canned)_heated_(without_addition_of_salt),89,0.8,13.1,0,5.1,4.9,0.6
Green_peas_and_carrots_(canned)_heated_(without_addition_of_salt),70,0.6,10.2,5.7,4.6,3.8,0.9
Green_peas_and_carrots_canned,69,0.6,10,5.6,4.5,3.7,1
Green_peas_canned,87,0.8,12.8,  .,5,4.8,0.7
Greyerzer_at_least_45%_fidm,396,32,0,0,0,26.4,1.5
Grittibänz_(Swiss_bread_man),329,11.1,46.9,2.8,2.2,9.2,1.4
Ground_meat_sauce,96,4,8.3,2.6,0.6,6.3,0.6
Halibut_raw,118,3.9,0,0,0,20.6,0.2
Ham_croissant,340,20.9,26,0.7,1.4,11.1,1.4
Ham_cooked,104,2.3,0.7,0.7,0,20.2,2.4
Ham_raw,229,11.5,0.3,0.3,0,31,4.4
Hamburger_double,258,12.1,24.7,3.3,1.7,11.9,1.4
Hard_and_semi_hard_cheese_full_fat_(average),397,32.1,0,0,0,26.6,1.2
Hard_caramels,385,0.3,95,95,0,0.5,0.1
Hare_(Durchschnitt)_cooked_(without_addition_of_fat_and_salt),205,10.3,0,0,0,28,0.2
Hare_filet_raw,111,1.5,0,0,0,24.3,0.1
Hare_fresh,115,3,0,0,0,22,0.1
Hare_meat_raw,150,7.5,0,0,0,20.5,0.1
Hazelnut,661,59.5,10.1,3,9.7,16.4,0
Hazelnut-chocolate_spread,551,33,55.9,54.5,2.9,6,0.1
Hazelnut_cookie,473,27.7,47.4,23.3,3.5,6.7,0.1
Hazelnut_macaroon,544,37,37.5,33,6,12.2,0.2
Hazelnut_oil,810,90,0,0,0,0,0
Hempseed_oil,810,90,0,0,0,0,0
Hollandaise_sauce,212,18,9.3,6.2,0.1,3,1
Honey_from_flowers,306,0,76,76,0,0.4,0
Horse_ragout_with_sauce_prepared,89,3.1,3,1.2,0.6,11.8,0.8
Horse_filet_pan_fried_(without_addition_of_fat_and_salt),129,2,0,0,0,27.8,0.1
Horse_filet_raw,102,1.9,0,0,0,21.4,0.1
Hot_Dog_in_white_bread_with_ketchup_and_mustard,216,6.3,29.6,2.5,1.9,9.1,2
Hummus,204,14,9.4,0.9,5.1,7.3,1.1
Huntsman_sauce,58,1.8,8,2.5,0.5,2.2,1.5
Ice_cream_dairy_fruit,185,8,24.7,23.7,0,3.5,0.2
Ice_Tea_sweetened,30,0,7.5,7.5,0,0,0
Iceberg_lettuce_raw,16,0.2,1.6,1.6,1.8,1,0
Jam,246,0.5,58.7,58.7,2.2,0.5,0
Jam_low_calorie_with_sweetener,136,0.5,31.9,31.9,0.8,0.5,0.1
Jelly_babies_with_fruit_essence,341,0,78.6,74.7,0,6.6,0.2
Jerusalem_artichoke_cooked_(without_addition_of_salt),52,0.4,3.8,3.8,11.8,2.3,0
Jerusalem_artichoke_raw,54,0.4,4,4,12.1,2.4,0
Kakaobutter,900,100,0,0,0,0,0
Kaki_raw,70,0.3,14.3,13.9,3.4,0.9,0
Kale_raw,44,0.9,2.5,2.5,4.2,4.3,0.3
Kale_stewed_(without_addition_of_salt_and_fat),47,1,2.7,2.7,4.5,4.6,0.3
Kebab_in_pita_bread,123,3.6,14.5,2.2,1.2,7.6,0.6
Ketchup,117,0.4,26,24.8,0.9,2,2.8
Kiwi_fruit_raw,58,0.6,11,8.9,2.4,0.9,0
Kohlrabi_raw,27,0.2,3.7,3.6,1.4,1.9,0
Kohlrabi_steamed_(without_addition_of_salt),28,0.2,3.9,3.8,1.5,2,0
Ladyfinger_cookie,413,8.3,71.8,34.9,1.4,12.2,0.8
Lamb's_lettuce_raw,23,0.4,2,2,1.7,2,0
Lamb_(average_excluding_offal_chop)_raw,134,5.8,0,0,0,20.5,0.1
Lamb_(sheep)_cutlet_raw_(Switzerland),179,10.9,0,0,0,20.2,0.2
"lamb_(sheep)_filet_pan_fried_""medium""_(without_addition_of_fat_and_salt)",136,3.6,0,0,0,25.8,0.2
Lamb_(sheep)_filet_raw,112,3.4,0,0,0,20.4,0.2
Lamb_(sheep)_filet_raw_(Aus  alia_New_Zealand),117,3.3,0,0,0,21.8,0.1
Lamb_(sheep)_leg_raw_(Switzerland_New_Zealand),155,8.2,0,0,0,20.2,0.2
Lamb_(sheep)_racks_raw_(Aus  alia_New_Zealand),156,8.3,0,0,0,20.3,0.2
Lamb_ragout_with_sauce_prepared,113,6.1,3,1.2,0.6,11.1,0.8
Lamb_leg_roast_(without_addition_of_fat_and_salt),203,9.8,0,0,0,28.6,0.2
Lamb_ragout_raw_(Switzerland),154,8.4,0,0,0,19.6,0.2
Landjäger_sausage,491,42.7,  .,  .,0,26.6,3.5
Latte_macchiato_no_sugar_added,47,2.8,3.2,3.2,0,2.2,0.1
Leafy_salad_(average)_raw_,19,0.3,1.6,1.5,1.7,1.6,0
Leafy_vegetables_(average_excluding_salads)_boiled_(without_addition_of_salt_and_fat),23,0.3,2.7,2.3,1.9,1.5,0
Leafy_vegetables_(average_excluding_salads)_steamed_(without_addition_of_salt),24,0.3,2.8,2.4,1.9,1.5,0
Leafy_vegetables_(average_excluding_salads)_stewed_(without_addition_of_salt_and_fat),25,0.3,2.9,2.4,2,1.6,0
Lebkuchen,404,13.8,61.6,41.2,4.2,6.5,0.3
Lebkuchen_chocolate_covered,444,18.9,60.2,45.4,3.5,6.5,0.4
Leek_raw,30,0.3,3.7,3.5,2.8,1.6,0
Leek_stewed_(without_addition_of_fat_and_salt),31,0.3,3.9,3.7,3,1.7,0
Legumes/Pulses_(average)_cooked_(without_addition_of_fat_and_salt),127,1.9,14.7,1,6.5,9.6,0
Legumes/Pulses_(average)_dried,336,4.9,39.7,2.7,16.5,25.1,0
Lemon_Curd,317,16,36.8,36.7,0.1,6.4,0.2
Lemon_juice,28,0.2,2.5,2.5,0.3,0.4,0
Lemon_fresh,23,0.5,2.9,2.5,2,0.8,0
Lentil_split_cooked_(without_addition_of_fat_and_salt),134,0.6,19,0.9,4.3,11,0
Lentil_split_dried,334,1.5,48,2.2,10.4,27,0
Lentil_whole_cooked_(without_addition_of_fat_and_salt),115,0.5,15.6,0.4,6.2,8.8,0
Lentil_whole_dried,324,1.5,44.8,1.1,17,24.4,0
Limburger_(Münster)_cheese,273,21.4,0,0,0,20,1.9
Linseed,533,42.2,3.6,1.4,26.9,21.3,0.1
Linzertorte_(Pas  y_base_covered_with_raspberry_sweetmeat),424,23.6,43.7,25.9,3.7,7.5,0.2
Liver_(average_of_beef_veal_pork)_pan_fried_(without_addition_of_fat_and_salt),157,5,4.4,0,0,23.5,0.2
Liver_(average_of_beef_veal_pork)_raw,134,4.3,3.6,0,0,20.3,0.2
Liver_sausage,253,19.1,0.5,0.3,0.2,19.8,2.2
Luganighe,298,22.9,0.5,0.5,0,22.1,2.5
Luncheon_meat,256,22.3,1.4,1.4,0,12.5,2.3
Lye_roll_(with_iodized_salt),282,4.9,48.9,2.2,2.3,9.3,1.5
Lyoner_sausage,244,21.8,0.5,0.5,0,11.5,2.1
Lyoner_sausage_(poul  y),205,16.4,0.9,0.9,0,13.5,2.3
Macaroni_from_the_alps_prepared,180,9,17.8,1.3,1.7,6,1.1
Madeleine_biscuit_(with_butter),460,24.8,51.3,27.8,1.1,7.3,0.6
Madeleine_biscuit_(with_vegetable_oil),434,20,55.1,27.8,1.2,7.9,0.6
Maize_starch,354,  .,88,  .,0.6,0.3,0
Malt_drink_with_cocoa_with_vitamin_and_mineral_fortified_powder_,382,3.6,76.2,52.1,4.4,8.9,0.5
Malt_drink_with_cocoa_with_vitamin_and_mineral_fortified_prepared_(with_milk),81,3,9.8,8.1,0.3,3.6,0.1
Mandarin_fresh,47,0.2,9.2,8.6,1.7,0.8,0
Mango_dried,293,2.2,61.1,59.9,8.4,2.9,0.1
Mango_fresh,68,0.6,14.3,12.9,1.6,0.6,0
Manioc_tuber_cooked_(without_addition_of_salt),131,0.2,29.8,0.4,2.8,1,0
Manioc_tuber_raw,140,0.2,32.1,0.5,2.9,1,0
Maple_syrup,358,0.3,88.7,77.3,0,0,0
Marble_cake,356,17.1,42.6,19.7,1.3,7.4,0.2
Margarine_35_-_40_%_fat,357,39,1.1,0.4,0,0.3,0.3
Margarine_without_butter_70_-_80_%_Fett,696,77,0.2,0.1,0,0.5,0.2
Marzipan,474,17.6,68.6,68.6,4.9,8,0
Mashed_potatoes_instant_prepared_(with_water_and_butter),80,2.8,11.5,1.8,0.8,2,0.6
Mashed_potatoes_prepared_(with_cream_and_butter),139,8.4,12.9,1.1,1.6,2,0.1
Mashed_potatoes_prepared_(with_full_fat_milk_and_butter),90,2.8,13.2,1.4,1.6,2.2,0.1
Mashed_potatoes_prepared_(with_partially_skimmed_milk_and_butter),88,2.6,13.2,1.4,1.6,2.2,0.1
Mayonnaise,742,81.7,0.5,0.5,0,1.1,1
Mayonnaise_low_calorie,327,34.5,3.3,  .,0,0.9,0.7
Mayonnaise_with_rapeseed_oil_home-made,792,86.9,0.1,0.1,0,2.4,0.4
Meat_(average_excluding_offal)_raw_,146,6.7,0,0,0,21.4,0.1
Meat_lasagne_prepared,141,6,12.3,2.3,1.5,8.8,0.9
Meat_loaf_baked_in_the_oven,166,7.7,8.1,0.7,0.6,15.7,2.2
Meat_chopped_(average_of_beef_veal_pork_poul  y)_pan_fried_(without_addition_of_fat_and_salt),150,3.8,0.1,0,0,28.9,0.2
Meat_chopped_(average_of_beef_veal_pork_poul  y)_raw,118,3.3,0.1,0,0,22,0.1
Melon_cantaloupe_raw,62,0.1,14.8,10.6,1.3,1.1,0.1
Meringue_biscuit,401,0.5,94,94,0,5,0.3
Milanese_cookie_butter_sweet,431,20.8,53.2,22.5,1.4,7.1,0.1
Milk_(average),59,2.9,4.8,4.8,0,3.2,0.1
Milk_chocolate,537,31.1,56.9,55.2,1.9,6.5,0.5
Milk_chocolate_filled_with_nuts_(chocolate_bar),558,35.7,49.1,47.3,3.7,8.3,0.2
Milk_chocolate_with_almond_honey_nougat,536,31.5,54.8,54.3,1.8,7.3,0.2
Milk_chocolate_with_nuts,570,38.2,46.1,44.4,3.2,8.8,0.2
Milk_chocolate_with_raisins_nuts_almonds,513,28.9,52.6,51,4.5,8.4,0.2
Milk_chocolate_filled_with_alcohol,488,23.1,59,58.3,2.9,5.6,0.1
Milk_chocolate_filled_with_cream_(gianduja_nougat),573,38.3,47.6,46.4,3.4,7.9,0.1
Milk_partially_skimmed_pasteurized,56,2.8,4.7,4.7,0,3.1,0.1
Milk_partially_skimmed_UHT,57,2.8,4.6,4.6,0,3.3,0.1
Milk_half_skimmed_1.5_%_fat_UHT,46,1.5,4.8,4.8,0,3.2,0.1
Millet_risotto_cooked,144,3,24.7,1.1,1.5,3.7,0.9
Millet_grain_peeled,360,3.9,68.8,1.5,3.8,10.6,0
Millet_wholemeal_flakes,360,3.9,68.8,1.6,3.9,10.6,0
Minced_meat_(average_of_beef_veal_pork_chicken)_pan_fried_(without_addition_of_fat_and_salt),164,6.6,0,0,0,26.3,0.1
Minced_meat_(average_of_beef_veal_pork_chicken)_raw,143,6.2,0,0,0,21.6,0.1
Mines  one,53,1.8,7,2.6,0.4,2,1
Minipic_sausage,460,39.1,0.8,0.8,0,26.1,4.5
Mirabelle_plum_stewed_drained_(without_addition_of_sugar),70,0.2,16.6,12.2,2,0.7,0
Molasses,274,0,67.2,67.2,0,1.2,0.2
Molluscs_blue_mussel_raw,85,2.7,3.4,  .,0,11.7,0.7
Morel_fresh,29,0.3,0.5,0.1,7,2.5,0
Morel_stewed_(without_addition_of_fat_and_salt),34,0.4,0.6,0.1,8.5,2.8,0
Mortadella,314,27.3,0.8,0.8,0,16.1,2.1
Mostbröckli_(smoked_and_dried_beef)_raw,150,1.9,0.5,0.5,0,32.6,4.7
Mozzarella,256,19.5,0.7,0.7,0,19.5,0.4
Muesli_mix_crunchy_fortified_with_vitamin_and_mineral,420,11.9,63.4,17,9.1,10.3,0.5
Mueslimix_cereal_with_fruits_and_nuts_sweetened_,365,5.6,62.2,10.6,10.1,11.4,0.1
Müeslimix_cereal_with_fruits_and_nuts_unsweetened,372,8.4,57.4,11.6,10.8,11.3,0
Müeslimix_crunchy_sweetened_(average)_,430,15.9,58.6,18.1,7.7,9.4,0.4
Mueslimix_crunchy_with_chocolate,442,17.4,58.8,19.8,7.2,9,0.4
Mueslimix_crunchy_with_fruits_sweetened_,424,15,59.8,18.8,7.6,8.7,0.5
Mueslimix_crunchy_with_nuts_and_seeds_sweetened_,431,16.1,56.1,15.1,8.2,11.3,0.3
Mushroom_(average)_raw,29,0.4,0.6,0.2,4.9,3.5,0
Mushroom_(average)_stewed_(without_addition_of_fat_and_salt),34,0.4,0.7,0.2,6,3.9,0
Mushroom_risotto_prepared,128,3.9,18.5,0.5,1.5,4,0.5
Mushroom_sauce_thickened,132,8.9,8.5,4,0.7,3.9,0.6
Mushroom_soup,38,1.2,5.5,2,0.5,1.1,0.9
Mushroom_canned,19,0.3,0.5,  .,2.5,2.2,0.9
Mushroom_raw,25,0.3,1.1,0.3,1.9,3.7,0
Mushroom_stewed_(without_addition_of_fat_and_salt),29,0.3,1.2,0.3,2.3,4.2,0
Mustard,124,7.7,3.8,2.6,5.3,7.1,4.1
Nasi_Goreng_prepared,125,1.8,16.1,0.6,0.5,10.8,1.3
Nectarine_fresh,55,0.3,11.3,8.8,1.3,1,0
Norway_lobster_raw,93,1.3,0.8,0,0,19.6,0.9
Nut_roll_with_yeast_dough,445,18.7,54.9,12.9,3.8,12.2,1.2
Nut_sticks,567,36.6,47,22.6,3.7,10.5,0.1
Nut_tart_from_Engadin,481,27.7,49.9,30.9,2,7,0
Oat_bran_raw,371,7,50.8,1.5,15.4,18.5,0
Oat_drink_plain,47,1.5,7.8,3.6,0.2,0.5,0.1
Oat_drink_plain_with_calcium_and_vitamin_fortified,48,1.5,7.8,3.6,0.9,0.5,0.1
Oat_flakes,381,7.5,59.5,1,10.5,13.5,0.1
Olive_oil,810,90,0,0,0,0,0
Olive_black,176,17.2,0.8,0.8,6.2,1.4,1.8
Olive_green_in_brine_drained,154,15.7,  .,  .,3.6,1.3,3.2
Olives_stuffed_with_minced_meat_deep-fried,329,15.1,32.8,2,3.2,13.1,1.5
Onion_quiche_baked_(with_cake_dough),171,10.1,14.6,3.6,1.6,4.7,0.9
Onion_quiche_baked_(with_puff_pas  y),169,10.9,12.6,3.6,1.5,4.3,1
Onion_raw,39,0.6,6.3,4.8,1.9,1.1,0
Onion_roasted_brown_(without_addition_of_fat_and_salt),92,1.5,14.9,11.4,4.5,2.6,0
Onion_stewed_(without_addition_of_fat_and_salt),43,0.7,7,5.4,2.2,1.2,0
Orange_juice,44,0.1,10,10,0.3,0.6,0
Orange_nectar,44,0,10.5,10.5,0.1,0.4,0
Orange_fresh,45,0.2,8,7.6,2.7,0.8,0
Palm_oil_palm_fat,809,89.9,0,0,0,0,0
Pancetta,467,43,0.4,  .,0,19.5,4.6
Panettone,354,10.7,56.5,22.9,2.8,6.4,0.1
Pantli_beef_and_pork_sausage,553,51.4,0.9,0.9,0,21.7,4
Papaya_ripe_raw,44,0.1,9.5,9.5,1.8,0.5,0
Paprika_(spice),358,13,34.9,33.2,20.9,14.8,0.1
Parmesan_cheese,401,31,  .,  .,0,30.5,1.6
Parsley_fresh,58,0.5,7.4,4.8,4.3,3.9,0.1
Parsnip_cooked_(without_addition_of_salt),58,0.4,11.4,2.9,2.1,1.2,0
Parsnip_raw,62,0.4,12.1,3.1,2.1,1.3,0
Passion_fruit_fresh,102,3,10.9,8.5,6.8,2.1,0
Pasta_egg-free_cooked_in_salted_water_(uniodised),158,0.6,31.2,0.2,2.4,5.9,1
Pasta_egg-free_dry,353,1.2,70.5,0.4,5.1,12.6,0
Pasta_gratin_with_ham_prepared,163,6.9,14.4,1.4,1,10.2,1.2
Pasta_salad_with_French_dressing,128,5.8,12.6,1,1.3,5.6,0.8
Pasta_salat_with_Italian_dressing,130,6.1,12.7,1,1.3,5.5,0.7
Pasta_with_egg_cooked_in_salted_water_(uniodised),132,1.1,25,1.3,1.3,5,0.9
Pasta_with_egg_dry,365,2.8,69.9,3.7,3.4,13.3,0
Pasta_fresh_filled_with_meat_cooked,174,4.7,25.1,1,2.2,6.9,0.7
Pasta_fresh_filled_with_spinach_and_ricotta_cooked_(without_addition_of_fat_and_salt),179,4.9,25.9,0.6,1.5,7.1,0.5
Pasta_fresh_filled_with_spinach_and_ricotta_raw,214,5.7,31.6,0.7,1.7,8.3,1.1
Pea_mature_seed_split_cooked_(wothout_addition_of_fat_and_salt),137,0.7,21.2,1.1,5,9,0
Pea_mature_seed_split_dried,331,1.7,51.9,2.8,11.6,21.3,0
Peach_in_syrup_canned_drained,82,0.1,18.6,17.9,1.6,0.7,0
Peach_with_sweetener_canned_drained,40,0.1,8.1,7.3,1.7,0.8,0
Peach_yellow_fresh,43,0.1,8.9,8,1.9,0.8,0
Peanut,623,49.1,14.8,5.9,8.6,26.1,0
Peanut_butter,636,51.8,12.5,6.4,7.6,26.1,0.9
Peanut_curls,507,24.2,56.5,  .,4.9,13.2,1.9
Peanut_oil,810,90,0,0,0,0,0
Peanut_roasted_salted,631,50,15,4.2,8,26.2,1.3
Pear_juice,52,0.3,12.1,10,0,0.5,0
Pear_pie_home-made_baked_(with_cake_dough),148,6.6,18.1,7.8,2.3,2.8,0.2
Pear_pie_home-made_baked_(with_puff_pas  y),146,6.8,17.4,7.8,2.3,2.6,0.3
Pear_dried,288,1.4,59.7,49.6,13.5,2.3,0
Pear_in_syrup_canned_drained,71,0.4,15.2,14.4,2.6,0.4,0
Pear_raw,54,0.3,10.9,9,2.9,0.5,0
Pear_stewed_drained_(without_addition_of_sugar),57,0.4,11.3,9.4,3,0.6,0
Pear_with_sweetener_canned_drained,50,0.3,9.9,8.2,2.6,0.5,0
Pearl_barley,347,1.4,71,2.2,4.6,10.4,0
Pearl_onion_pickled,28,0.2,4.9,3.5,1.3,0.9,1.1
Peasant's_Schüblig,524,48.5,0.3,0.3,0,21.3,4
Peiti_Beurre_with_chocolate_cookie,482,21.3,63.8,37.2,2.1,7.7,0.5
Peppermint_fresh,49,0.7,5.3,5.2,3,3.8,0
Pesto_sauce_green,430,42.5,6.6,3.2,2.5,3.9,2.7
Pesto_sauce_red,398,35.8,10.8,7.1,5,5.7,2.1
Petit_Beurre_cookie,431,12.4,70.2,20.6,2.3,8.7,0.5
Petit_beurre_wholemeal_cookie,426,12.7,65.3,17.3,6,9.6,0.6
Pike_raw,81,0.9,0,0,0,18.4,0.2
Pine_nuts,688,61.9,13,4.9,6.3,16.5,0
Pineapple_juice,51,0.1,12.1,12.1,0.2,0.4,0
Pineapple_fresh,52,0.1,11.7,10.5,1.2,0.5,0
Pineapple_in_pineapple_juice_canned_drained,60,0.1,13.6,12.8,1.4,0.5,0
Pineapple_in_pineapple_juice_canned_not_drained,59,0.1,13.6,12.6,0.9,0.4,0
Pineapple_in_syrup_canned_drained,70,0.1,15.9,15.9,1.6,0.5,0
Pineapple_with_sweetener_canned_drained,42,0.1,9.4,8.4,1,0.5,0
Pistachio_dried,594,45.4,17.6,7.7,10,23.8,0
Pizza_Calzone_baked,224,7.7,26.5,1.4,1.5,11.4,0.9
Pizza_doug_(_with_olive_oil)_raw,229,3.6,41.2,0.2,2,7,0.7
Pizza_Hawaii_baked,195,6.3,24.2,3.5,1.5,9.5,0.7
Pizza_Margherita_baked,238,8.4,29.9,1.5,1.7,9.9,0.7
Pizza_with_four_cheeses_baked,297,10.6,37.2,0.2,1.8,12.3,1.1
Pizza_with_ham_and_mushrooms_baked,204,6.9,23.9,1.3,1.6,10.7,0.8
Pizza_with_ham_baked,218,6.4,28.7,1.4,1.6,10.6,0.9
Pizza_with_mascarpone_and_rocket_baked,239,9.8,27.6,1.7,1.6,9.4,0.7
Pizza_with_tuna_baked,226,7.6,26.5,1.3,1.5,12,0.8
Pizza_with_vegetables_baked,125,3.2,17.5,1.6,2,5.7,0.4
Plum_pie_home-made_baked_(with_cake_dough),144,6.6,17.6,7.6,1.5,2.9,0.2
Plum_pie_home-made_baked_(with_puff_pas  y),142,6.8,16.9,7.6,1.4,2.6,0.3
Plum_fresh,48,0.2,10.2,8.8,1.6,0.6,0
Plum_stewed_drained_(without_addition_of_sugar),48,0.2,10.1,8.6,1.6,0.7,0
"Polenta_nera_(made_from_corn_semolina_and_buckwheat_flour,)_cooked",111,4.7,12.6,0.2,0.8,4.1,1.1
Pomegranate_raw,81,1.2,14.3,13.3,2.3,1.4,0
Pommes_Chips,538,34.8,49.3,2.5,3.8,4.9,1.2
Popcorn,367,4.2,62.9,1.2,15,12,0
Porc_piccata_prepared,226,12.4,5.5,0.1,0.3,22.9,0.9
Pork_(average_excluding_offal_chop_knuckle)_raw,160,8.3,0,0,0,21.4,0.2
Pork_lard,900,100,0,0,0,0,0
Pork_ragout_with_sauce_prepared,105,5.1,3,1.2,0.6,11.5,0.8
Pork_sausage_(Schweinsbratwurst),236,18.8,0.5,0.5,0,16.2,1.9
Pork_sausage_(Schweinswurst),268,22.4,0.5,0.5,0,16.2,2.3
Pork_sausage_grilled_(without_addition_of_fat_and_salt),283,22.3,0.6,0.6,0,19.8,2.1
Pork_chop_pan_fried_(without_addition_of_fat_and_salt),240,12.8,0,0,0,31.3,0.1
Pork_chop_raw,179,10.4,0,0,0,21.4,0.1
Pork_chopped_pan_fried_(without_addition_of_fat_and_salt),176,6.4,0,0,0,29.8,0.2
Pork_chopped_raw,134,5.4,0,0,0,21.3,0.1
Pork_chuck_medium_roast_in_oven_(without_addition_of_fat_and_salt),202,9.3,0,0,0,29.6,0.2
Pork_chuck_roast_raw,181,9.2,0,0,0,24.6,0.2
Pork_chuck_well_done_roast_in_oven_(without_addition_of_fat_and_salt),221,10.2,0,0,0,32.5,0.2
Pork_eye_of_round_raw,127,4.9,0,0,0,20.6,0.1
Pork_filet_pan_fried_(without_addition_of_fat_and_salt),153,4,0,0,0,29.3,0.4
Pork_filet_raw1,121,3.6,0,0,0,22.2,0.3
Pork_ham_from_shoulder_cooked,106,3.3,0.4,0.4,0,18.6,2.2
Pork_knuckle_braised_(without_addition_of_fat_and_salt),239,9.9,0.9,0,0,36.6,0.1
Pork_knuckle_raw,173,7.6,0.7,0,0,25.6,0.2
Pork_liver_raw,131,4.9,0.9,0,0,20.7,0.2
Pork_loin_raw,138,5.1,0,0,0,22.9,0.1
Pork_minced_raw,159,8.5,0,0,0,20.5,0.1
Pork_ragout_raw,135,5.7,0,0,0,20.9,0.1
Pork_round_schnitzel_pan_fried_(without_addition_of_fat_and_salt),162,3.3,0,0,0,33,0.2
Pork_round_schnitzel_raw,115,2.7,0,0,0,22.6,0.2
Pork_spare_ribs_raw,239,18.6,0,0,0,17.9,0.1
Pork_throat_pan_fried_(without_addition_of_fat_and_salt),255,16.6,0,0,0,26.4,0.1
Pork_throat_raw,203,14.1,0,0,0,18.9,0.1
Porridge_prepared_(with_full_fat_milk_without_addition_of_sugar),147,6.2,15.8,5.7,1.8,6.2,0.2
Porridge_prepared_(with_partially_skimmed_milk_without_addition_of_sugar),133,4.6,15.8,5.7,1.8,6.3,0.2
Port_18.5_vol%,152,0,12,12,0,0.2,0
Potato_chips_fat_reduced,468,22.1,59.2,3,4.5,5.9,1.2
Potato_flakes_with_milk_powder_and_salt_(instant_mashed_potatoes),365,5.3,65.5,10.3,4.7,11.3,3.1
Potato_salad_with_mayonnaise_yogurt_dressing,80,2.2,12.4,0.7,1.6,1.8,0.2
Potato_salad_with_oil_and_vinagre_dressing,96,3.8,12.8,0.6,1.7,1.7,0.1
Potato_starch,336,0.1,83.1,0,0.1,0.6,0
Potato_peeled_raw,76,0.1,15.6,0.7,2.1,2,0
Potatoe_peeled_steamed_(without_addition_of_salt),75,0.1,15.6,0.7,2.1,2,0
"Potatoes_au_gratin_""dauphinois""_prepared",128,7.8,11.3,2.4,1.3,2.5,0.3
"Potatoes_au_gratin_""savoyard""_prepared",75,2.3,10.6,0.5,1.4,2.1,0.4
Poul  y_(average_excluding_offal)_raw,134,5.3,0.1,0,0,21.6,0.1
Poul  y_with_skin_(average)_raw,161,9,0,0,0,20,0.1
Poul  y_without_skin_(average_excluding_offal)_raw,114,2.4,0.1,0,0,22.9,0.2
Pretzel_sticks_(dry_lye_pretzel),361,4.1,72.1,0.4,0.7,8.6,4.3
Processed_cheese_15%_fidm_slice,155,8.6,0,0,0,19.4,3
Processed_cheese_15%_fidm_spreadable,150,9.3,0,0,0,16.4,3
Processed_cheese_45%_fidm_slice,316,25,0,0,0,22.8,3
Processed_cheese_45%_fidm_spreadable,247,21.2,0,0,0,14.1,3
Processed_cheese_50%_fidm_slice,327,30,0,0,0,14.3,3
Processed_cheese_50%_fidm_spreadable,316,29.4,0,0,0,12.9,2.8
Prune_plum_pie_home-made_baked_(with_cake_dough),141,6.5,16.7,7.6,1.9,2.9,0.2
Prune_plum_pie_home-made_baked_(with_puff_pas  y),139,6.7,16,7.6,1.9,2.6,0.3
Prune_plum_fresh,43,0.1,8.8,8.8,2.3,0.6,0
Prune_plum_stewed_drained_(without_addition_of_sugar),43,0.1,8.7,8.7,2.3,0.7,0
Prune_dried,227,0.4,55.4,38.1,5.1,1.6,0
Prussian_cookie,438,22.4,53.8,27.4,1.2,4.7,0.8
Pudding_caramel,125,2.1,23,20.1,0.1,3.4,0.2
Pudding_chocolate,121,2.6,21,12.1,1,3,0.3
Pudding_vanilla,102,2.1,18,10.4,0.1,2.8,0.3
Puff_pas  y_(with_vegetable_fat)_raw,385,24.3,35.1,0.1,1.6,5.7,1
Puff_pas  y_sticks,490,32.9,40.4,0.3,1.8,7.1,2.6
Puff_pas  y_home-made_(with_butter)_raw,364,24.7,29.4,0.3,1.3,5.2,0.8
Puff_pas  y_home-made_(with_vegetable_fat)_raw,349,23.2,29.3,0.2,1.3,5.2,0.9
Pumpkin_piccata_prepared,140,8.5,9.4,3.7,2.2,5.5,0.2
Pumpkin_seed_oil,810,90,0,0,0,0,0
Pumpkin_seeds,615,49.1,4.7,1.4,6,35.6,0
Pumpkin_raw,28,0.1,4.6,3.9,2.2,1.1,0
Pumpkin_steamed_(without_addition_of_salt),29,0.1,4.7,4,2.2,1.1,0
Quiche_Lorraine_baked_(with_cake_dough),295,22.2,14.5,1.6,0.6,9,1.2
Quiche_Lorraine_baked_(with_puff_pas  y),291,23.4,11.5,1.6,0.5,8.5,1.2
Quince_cooked_drained_(without_addition_of_sugar),49,0.6,7.3,7.3,5.9,0.5,0
Quince_fresh,47,0.5,7.3,7.3,5.9,0.4,0
Quinoa_cooked_(without_addition_of_salt_and_fat),120,1.6,20.5,0.6,2.2,4.8,0
Quinoa_raw,368,5,62.4,1.8,6.6,14.8,0
Raclette_cheese,357,27.9,0,0,0,25.9,1.8
Radicchio_red_raw,19,0.1,1.6,1.6,3,1.4,0
Radish_raw,18,0.3,2.6,2.6,1.2,0.6,0
Radish_red_raw,17,0.1,2.1,2.1,1.6,1.1,0.1
Raisins_dried_(grape)/_sultanas,321,0.9,73.2,70.3,4.2,3,0.1
Rapeseed_oil,810,90,0,0,0,0,0
Rapeseed_oil_HOLL_(high_oleic_low_linolenic),810,90,0,0,0,0,0
Rascal_(Shortbread_cookie_with_jam),499,25.6,60.3,30.9,1.9,5.8,0.1
Raspberry_raw,44,0.8,5.8,5.4,4.3,1.2,0
Ratatouille_prepared,45,2.2,4,3.6,2.1,1.4,0.5
Raw_cured_meat_raw_(average),274,17.2,0.4,0.3,0,29.4,4.6
Raw_sausages_(average),445,39.4,0.2,0.2,0,22.2,3.7
Raw_sausages_with_interrupted_maturation_(average),314,26.6,0.7,0.7,0.2,17.7,2.2
Reblochon_cheese,307,25.2,0,0,0,19.9,2
Red_cabbage_raw,29,0.2,4.3,3.9,2.6,1.1,0
Red_cabbage_stewed_(without_addition_of_fat_and_salt),25,0.2,3.7,3.4,2.3,1,0
Red_currant_pie_home-made_(with_sweet_short_pas  y_base),216,11.7,22.6,10.6,3.2,3.5,0.1
Red_currant_pie_home-made_baked_(with_cake_dough),145,6.9,15.5,6.2,3.5,3.5,0.2
Red_currant_pie_home-made_baked_(with_puff_pas  y),143,7.1,14.8,6.2,3.4,3.3,0.3
Rhubarb_compote_with_sugar,88,0.2,18.8,18.8,2.1,0.7,0
Rhubarb_pie_baked_(with_puff_pas  y),121,6.8,11.1,2.8,2,2.8,0.3
Rhubarb_pie_home-made_baked_(with_cake_dough),123,6.6,11.8,2.8,2.1,3,0.2
Rhubarb_raw,22,0.2,1.5,1.5,2.5,0.8,0
Rice_drink_plain,54,1.3,10.3,2.8,0.1,0.2,0
Rice_drink_plain_with_calcium_fortified,54,1.3,10.3,2.8,0.1,0.2,0
Rice_parboiled_cooked_in_salted_water_(uniodised),120,0.3,26.7,0.1,0.4,2.4,1.4
Rice_parboiled_raw,356,1,78.6,0.4,1.3,7.5,0
Rice_polished_cooked_in_salted_water_(uniodised),116,0.3,25.8,0.1,0.3,2.3,1.3
Rice_polished_raw,352,0.9,78,0.2,1,7.4,0
Rice_pudding_prepared_(with_full_fat_milk_without_addition_of_sugar),143,5.1,19,5.6,0.2,5.1,0.2
Rice_pudding_prepared_(with_partially_skimmed_milk_without_addition_of_sugar),129,3.5,19,5.6,0.2,5.3,0.2
Rice_unpolished_(wholemeal)_raw,350,2.8,71.4,0.6,5,7.4,0
Rice_unpolished_cooked_in_salted_water_(uniodised),126,1,25.7,0.2,1.8,2.7,1.5
Ring_cake_grandmother_style,462,32,33.3,26.9,3.1,8.8,0.4
Risotto_without_cheese_prepared,124,1.6,24.9,0.5,0.5,2.3,0.6
Ris  etto_with_coffee_cream_no_sugar_added,47,4.3,1.3,1.1,0.1,0.8,0.1
Riz_Casimir_with_chicken_prepared,124,3.3,16,3.2,1.1,7.2,0.7
Riz_Casimir_with_veal_prepared,123,3.4,16,3.2,1.1,6.6,0.8
Rocket_raw,28,0.7,2.1,2.1,1.6,2.6,0.1
Roe_(deer)_(average)_raw,122,3.6,0,0,0,22.4,0.2
Roe_(deer)_ragout_raw,105,1.9,0,0,0,22,0.1
Roe_(deer)_schnitzel_raw,105,1.7,0,0,0,22.5,0.1
Rolled_smoked_ham_cooked_(without_addition_of_fat_and_salt),188,9.9,1.4,1.4,0,23.3,2.2
Rollmops_(pickled_herring),270,15.9,19.6,18,0,12,3
Rollschinken_cured_and_smoked_pork_meat,181,10.6,1.2,1.2,0,20.3,2.9
Romaine_lettuce_(cos_lettuce),16,0.3,1.3,1.3,1.5,1.2,0
Root_and_tuber_vegetables_(average)_boiled_(without_addition_of_fat_and_salt),38,0.3,6.5,5.1,2.6,0.8,0
Root_and_tuber_vegetables_(average)_raw,39,0.3,6.9,5.4,2.7,0.9,0.1
Root_and_tuber_vegetables_(average)_steamed_(without_addition_of_salt),42,0.4,7.2,5.7,2.8,0.9,0.1
Root_and_tuber_vegetables_(average)_stewed_(without_addition_of_fat_and_salt),36,0.3,6.3,4.9,2.5,0.8,0.1
Roquefort_cheese,363,31.7,0.2,0,0,19.2,4
Rosemary_fresh,62,2.5,7.7,7.6,2.9,0.8,0
Rosti_(shredded_potatoes)_unprepared,150,5.7,20.7,0.9,2.7,2.6,1.3
Rusk,421,7.8,74.6,14.2,2.9,11.6,1.3
Rusk_wholemeal,413,9.1,61.2,13.8,8.3,17.5,2
Russian_salad_prepared,197,15.9,9.8,1.9,2.2,2.4,0.3
Rye_bread_from_Valais,227,1,42.6,3.4,8.8,7.6,1.4
Rye_bread_with_rye_grist,235,1,44.1,3.8,9.4,7.7,1.4
Rye_bread_with_sour_dough,215,0.9,41.5,3.8,7.7,6.5,1.3
Rye_flour_(wholemeal)_Type_1800,337,1.5,63.1,5.8,14.1,10.8,0
Rye_flour_Type_1050,336,1.3,67.8,6.2,8.6,9,0
Rye_flour_Type_815,334,1,71,6.5,6.5,6.9,0
Safflower_oil,810,90,0,0,0,0,0
Sage_raw,59,2.1,6.9,6.8,2.9,1.7,0
Salad_dressing_french_style_home-made_(with_rapeseed_oil),430,46.9,0.8,0.5,0.4,0.9,1.3
Salad_dressing_italian_style_home-made_(with_olive_oil),464,50.7,1.4,0.3,0.1,0.4,0.7
Salad_dressing_french_style,360,37.4,4.5,4.3,0.3,1.4,2
Salad_dressing_italienisch_style,309,32.1,4.9,4.1,0.1,0.1,2
Salametti,343,31.4,0.3,0.3,0,14.8,2.8
Salami,367,30.1,  .,  .,0,24.1,3.9
"Salami_""budget""_type",422,37.1,  .,  .,0,22,3.8
Salmon_cultured_filet_steamed_(without_addition_of_fat_and_salt),180,11.7,0,0,0,18.7,0.2
Salmon_cultured_raw,200,13.4,0,0,0,19.9,0.1
Salmon_smoked,167,8.2,0,0,0,23.2,4.1
Salmon_wild_raw,182,11.5,0,0,0,19.7,0.2
Salsiz_sausage,415,34.9,  .,  .,0,25.2,3.9
Salt_himalaya_salt,0,0,0,0,0,0,95
Salt_sea_salt_fleur_de_sel,0,0,0,0,0,0,95
Salt_sea_salt_standard_white_without_iodine_and_fluoride_added,0,0,0,0,0,0,99
Saltimbocca_pan_fried_in_rapeseed_oil_HOLL,216,11.2,0.1,0.1,0,28.8,1.7
Samosa_deep-fried,382,25.3,30.8,2.2,3.3,6.2,0.8
Sandwich_(baguette_bread)_with_cold_cuts,157,7,17.3,1.8,1.5,5.3,0.8
Sandwich_(baguette_bread)_with_dried_meat,141,3.9,18.3,1.8,1.7,7.2,1.2
Sandwich_(baguette_bread)_with_ham,131,3.7,17.3,1.8,1.6,6.3,1.2
Sandwich_(baguette_bread)_with_luncheon_meat,220,9.3,25.1,1.1,1.6,8,1.2
Sandwich_(baguette_bread)_with_mozzarella,163,6.2,20.1,1.4,1.6,6,1
Sandwich_(baguette_bread)_with_raw_ham,165,5.7,18.7,1.3,1.5,8.8,1.4
Sandwich_(baguette_bread)_with_salami,158,6.5,18.3,1.8,1.7,5.8,1.2
Sandwich_(baguette_bread)_with_semi_hard_cheese,179,7.6,20.1,1.4,1.6,6.7,1.1
Sandwich_(baguette_bread)_with_soft_cheese,183,7.6,21.4,1.2,1.7,6.3,1.3
Sandwich_(brown_bread)_with_cold_cuts,151,7.1,15.2,1.8,1.9,5.5,0.8
Sandwich_(brown_bread)_with_dried_meat,134,4,16.1,1.8,2,7.4,1.2
Sandwich_(brown_bread)_with_ham,125,3.8,15.2,1.8,1.9,6.4,1.1
Sandwich_(brown_bread)_with_luncheon_meat,210,9.5,21.9,1.1,2.2,8.2,1.1
Sandwich_(brown_bread)_with_mozzarella,156,6.3,17.6,1.4,2.1,6.1,1
Sandwich_(brown_bread)_with_raw_ham,158,5.8,16.4,1.3,1.9,9,1.3
Sandwich_(brown_bread)_with_salami,151,6.6,16.1,1.8,2,5.9,1.2
Sandwich_(brown_bread)_with_semi_hard_cheese,171,7.7,17.5,1.4,2.1,6.9,1.1
Sandwich_(brown_bread)_with_soft_cheese,175,7.7,18.7,1.2,2.1,6.5,1.3
Saucisson_sausage,403,36.4,0.5,0.5,0,18.2,2.5
Saucisson_sausage_cooked_(without_addition_of_fat_and_salt),442,39.4,0.6,0.6,0,21.1,2.6
Sauerkraut_pickled,19,0.3,1.7,  .,2.2,1.3,1.4
Sausage_salad_prepared,224,21.1,1.3,1.1,0.4,7.1,1.6
Sausage_Vaudois,358,32.3,0.2,0.2,0,16.5,2.1
Sausage_veal,228,19.2,1.2,1.2,0,12.5,1.9
Savoury_cheese_quiche_baked_(with_cake_dough),303,20.8,14.5,1.2,0.6,14.3,0.9
Savoury_cheese_quiche_baked_(with_puff_pas  y),300,21.9,11.7,1.2,0.5,13.8,0.9
Savoy_cabbage_raw,31,0.3,2.9,2.8,2.6,2.8,0
Savoy_cabbage_steamed_(without_addition_of_salt),30,0.3,2.8,2.7,2.4,2.7,0
Sbrinz,415,33.2,0,0,0,28,1.8
Schabziger_(Swiss_green_cheese),132,0.5,  .,  .,0,31.6,4.3
Schnitzel_bread_with_cocktail_sauce,262,11.2,25.1,0.5,1.3,14.6,1.3
Schnitzel_bread_with_tartare_sauce,242,10.1,23.2,0.4,1.3,13.9,1.2
Schützenwurst_sausage,244,23,0.2,0.2,0,9.2,2.1
Scrambled_egg_with_herbs_prepared,141,10,1.9,1.6,0.4,10.6,0.8
Scrambled_eggs_with_cheese_prepared,157,11.6,1.3,1.3,0,11.8,0.9
Scrambled_eggs_with_ham_prepared,143,9.7,1.3,1.3,0,12.8,1
Scrambled_eggs_with_mushrooms_prepared,127,9,1.5,1.3,0.4,9.8,0.7
Scrambled_eggs_prepared,147,10.8,1.3,1.3,0,11.2,0.8
Seaweed_Nori_dried,255,1.6,10.5,0.5,36.3,31.5,5
Seeds_kernels_nuts_(average)_unsalted,614,52.8,9.1,3.7,9.7,20.9,0
Seitan,193,7.2,3,0.7,2.3,28,1.6
Semi-white_bread,240,1.1,46.4,0.4,3.7,9.4,1.7
Semi-white_bread_(with_iodized_salt),240,1.1,46.4,0.4,3.7,9.4,1.7
Semmeli_(bread_roll_white),245,0.9,48.5,0.4,3,9.2,1.6
Semolina_pudding_prepared_(with_full_fat_milk_without_addition_of_sugar),93,3,11.8,4.8,0.3,4.6,0.2
Semolina_pudding_prepared_(with_partially_skimmed_milk_without_addition_of_sugar),93,3,11.8,4.8,0.3,4.6,0.2
Semolina_slice_prepared_(with_full_fat_milk),152,7.5,15,4,0.5,6,0.3
Semolina_slice_prepared_(with_partially_skimmed_milk),143,6.4,15,4,0.5,6.1,0.3
Sesame_oil,810,90,0,0,0,0,0
Sesame_seeds_whole,619,53.8,4,1.2,13.3,23.1,0
Sesame_seeds_peeled,660,57.4,4.6,1.6,8.8,26.8,0.1
Shellfish_(average)_raw,75,1,1,0,0,15.5,0.7
Sherry_18.5_vol%,118,0,3.6,3.6,0,0.1,0
Short_bread_cookie_(Sablé),474,26.2,53.1,17.8,1.6,5.9,0.1
Short_pas  y_base_(with_butter)_sweet_baked,530,28.6,57.3,13.2,2,9.8,0.9
Short_pas  y_base_(with_butter)_sweet_raw,424,22.9,45.8,10.5,1.6,7.8,0.7
Short_pas  y_base_(with_vegetable_fat)_sweet_baked,494,24.9,58.4,17.8,1.9,8,0.3
Short_pas  y_base_(with_vegetable_fat)_sweet_raw,395,19.9,46.7,14.2,1.5,6.4,0.3
Shrimp_cocktail_prepared,167,13.3,4,3.3,0.3,4.4,0.4
Shrimp_boiled,46,0.5,1.3,0,0,9,0.4
Shrimp_raw,56,0.6,1.2,  .,0,11.4,0.5
Skimmed_milk_powder,348,1,50.5,50.5,0,34.3,1.4
Soft_caramel_candies,448,17.2,71.1,71.1,0,2.1,0.8
Soft_cheese_(average_without_fat_reduced_products),325,27.4,0,0,0,19.4,2.2
Soft_cheese_45_to_54.9%_fidm,296,23.7,0,0,0,20.6,1.8
Soft_cheese_60%_fidm,376,37.5,0,0,0,9.7,1.8
Soft_cheese_at_least_55%_fidm,347,30.9,0,0,0,17.4,1.3
Soft_cheese_Mascarpone,435,44.5,4.1,4.1,0,4.5,0.2
Soft_drink_with_flavor_sweetened,38,0,9.5,9.5,0,0,0
Somosa_baked,353,21,32.7,2.3,3.5,6.6,0.9
Sorbet_fruit,137,0,32.1,32.1,0.4,0.2,0
Sour_cream_(crème_fraîche)_35%_fat,336,35,2.8,2.8,0,2.4,0.1
Sour_cream_15%_fat,173,16.6,3.2,3.2,0,2.7,0.1
Soy_sauce,56,0.6,4.1,0.4,0.8,8.1,14
Soya_drink_plain,43,2.1,1.5,1.4,0.6,4.2,0.1
Soya_drink_plain_with_calcium_and_vitamin_fortified,43,2.1,1.5,1.4,0.6,4.2,0.1
Soya_flour_defatted,296,1.2,7.5,7.4,24.5,51.5,0.1
Soya_flour_full_fat,398,20.6,3.1,3.1,18.5,40.8,0
Soybean_oil,810,90,0,0,0,0,0
Soybean_sprouts,55,1,4.7,4.6,2.4,5.5,0.1
Soybean_cooked_(without_addition_of_fat_and_salt),157,7.3,3.3,2.6,8.8,15,0
Soybean_dried,399,18.3,8.7,6.8,22,38.2,0
Sparkling_wine_champagne,71,0,1.5,1.5,0,0.2,0
Spätzle_flour,351,1.3,71.3,0.9,3.3,11.9,0
Spelt_fine_flour_(type_550),348,1.5,69,0.9,2.8,13.3,0
"Spelt_flour_""Ruch""_(type_1100)",348,2.2,65,1.4,5.7,14.3,0.1
Spelt_wholemeal_flour_(type_1900),346,2.7,60,1.2,9.4,15.6,0
Spinach_quiche_baked_(with_cake_dough),174,10.8,12.5,1,1.7,5.8,1.1
Spinach_quiche_baked_(with_puff_pas  y),171,11.6,10.4,1,1.6,5.5,1.1
Spinach_raw,25,0.6,1.3,0.1,1.9,2.6,0.2
Spinach_steamed_(without_addition_of_salt),31,0.8,1.6,0.1,2.3,3.3,0.2
Spirits_40_vol%_(e.g._Vodka_gin),222,0,0,0,0,0,0
Spirits_grain_40%_vol_(e.g._whisky),234,0,0.1,0.1,0,0,0
Spirits_Kirsch_Cherry_Schnaps,233,0,0,0,0,0,0
Spirits_sugar_cane_(e.g._rum),222,0,0,0,0,0,0
Spirits_wine_(e.g._cognac_brandy),228,0,1.9,1.9,0,0,0
Spring_roll_deep_fried,224,11.2,23.1,3,2.5,6.5,1.5
Squash_slices_breaded_prepared,144,5.8,16.7,4.1,2.7,4.7,0.2
Squid_raw,83,1.1,2.3,  .,0,16,0.4
St._Gall_Schüblig_sausage,237,20.7,0.2,0.2,0,12.6,2.1
St._Paulin_cheese,294,23,0,0,0,21.8,2
S  awberry_fresh,39,0.5,6,5.6,3.8,0.6,0
S  udel_dough_raw,234,2.5,44.3,0.2,2,7.6,1.9
Sugar_loaf_chicory_raw,16,0.2,1.5,1.5,1.6,1.2,0
Sugar_pea_raw,68,0.2,10,5,5,4,0
Sugar_pea_steamed_(without_addition_of_salt),73,0.2,10.8,5.4,5.3,4.3,0
Sugar_brown,390,0,97.6,97.6,0,0,0.1
Sugar_white,400,0,100,100,0,0,0
Sunflower_oil,810,90,0,0,0,0,0
Sunflower_oil_HO_(high_oleic)_refined,810,90,0,0,0,0,0
Sunflower_seeds,621,54.5,3.6,3.4,8,25.1,0
Surimi,125,4.9,11.8,2.1,0.3,8.3,1.6
Sweet_corn_(canned)_heated_(without_addition_of_salt),103,1.2,18.6,7,2.3,3.1,0.7
Sweet_corn_canned,100,1.2,18.2,6.9,2.3,3,0.8
Sweet_corn_cob_pickled,119,1.4,21,2,4.2,3.4,0
Sweet_corn_raw,93,1.2,15.7,3.4,2.8,3.3,0
Sweet_corn_steamed,100,1.3,16.9,3.7,3,3.5,0
Sweet_potato_raw,81,0.1,17.1,4.2,3,1.6,0.1
Sweet_potato_steamed_(without_addition_of_salt),81,0.1,17.1,4.2,3,1.6,0.1
Sweet_whey,24,0.2,4.7,4.7,0,0.8,0.1
Swiss_chard_raw,23,0.2,2.7,0.5,1,2.1,0.4
Swiss_chard_steamed_(without_addition_of_salt),29,0.3,3.4,0.6,1.2,2.6,0.5
Syrup_undiluted,371,0.2,91.8,91.4,0.9,0.1,0
Syrup_ready_to_drink_(dilution_1:5.5),55,0,13.5,13.4,0.1,0,0
Table_salt_iodized,0,0,0,0,0,0,98
Table_salt_iodized_and_fluoridized,0,0,0,0,0,0,100
Table_salt_without_iodine_and_fluoride,0,0,0,0,0,0,100
Taboulé_prepared_(with_Bulgur),111,5.5,11.5,1.1,2.8,2.3,0.4
Taboulé_prepared_(with_Couscous),130,6.1,15.3,1.3,1.2,2.8,0.4
Tartare_sauce_with_rapeseed_mayonnaise_home-made_,384,40.1,1.8,1.5,0.6,3.7,0.4
Tea_no_sugar_added,0,0,0,0,0,0,0
Terrine_de_campagne,298,26.5,0.9,0.7,0.1,13.6,2.2
Terrine_game_meat,242,18.7,1.6,1.4,0.1,16.4,2.2
Tête_de_Moine,417,35.5,0,0,0,24.2,2.3
Thin_pancakes_with_bacon_prepared,253,16.3,15,2.4,0.6,11.3,0.9
Thin_pancakes_with_camembert_cheese_prepared,247,15.5,14.9,2.3,0.6,11.9,0.8
Thin_pancakes_with_ham_prepared,193,9.7,13.2,2.2,0.5,12.9,1
Thin_pancakes_with_mushrooms_prepared,139,9,7.9,1.7,1.6,5.9,0.4
Thin_pancakes_with_Nutella_prepared,378,22.2,35.8,26.4,1.7,7.9,0.3
Thin_pancakes_with_sugar_and_cinnamon_prepared,254,11.5,29,14.9,0.7,8.3,0.3
Thin_pancakes_with_vegetable_filling_prepared,165,9.3,13.7,4,1.6,6,0.2
Thin_pancakes_prepared,234,13.2,19,2.9,0.7,9.4,0.4
Thyme_fresh,52,1.2,7.3,7.2,3,1.5,0
Tilsiter_pasteurized_milk_at_least_45%_fidm,351,28,0,0,0,24.1,1.4
Tilsiter_raw_milk_at_least_45%_fidm,376,30.2,0,0,0,25.6,1.7
Tofu_ferm_plain_(produced_with_calcium_salt),148,8.5,2.9,0.6,  .,14.7,0
Tofu_ferm_plain_(produced_with_nigari),148,8.5,2.9,0.6,  .,14.7,0.1
Tofu_firm_plain_(average),148,8.5,2.9,0.6,  .,14.7,0.1
Tofu_silken_(soft)_plain,53,2.9,1.5,1.1,0.6,5,0
Tofu_smoked_(average),164,9.5,2.9,0.9,0.5,16.4,1
Tofu_smoked_(produced_with_calcium_salt),164,9.5,2.9,0.9,0.5,16.4,1.4
Tofu_smoked_(produced_with_nigari),164,9.5,2.9,0.9,0.5,16.4,0.7
Tomato_juice,16,0.1,3,2.1,0.1,0.8,0.5
Tomato_paste,77,0.2,12.9,12.4,2.8,4.5,0.6
Tomato_quiche_baked_(with_cake_dough),158,10.1,12.3,2.5,1.1,3.9,0.4
Tomato_quiche_baked_(with_puff_pas  y),155,11,10,2.5,1,3.5,0.4
Tomato_sauce,69,2.1,9.7,4.1,1.9,1.8,1.4
Tomato_soup,42,1.1,6.6,3.5,0.7,1,1
Tomato_dried,210,0.5,29.2,13.7,21.7,11.3,5.3
Tomato_peeled_(pelati)_canned,20,0.2,3,2.9,1,0.9,0.3
Tomato_raw,21,0.3,3.3,3.2,1.2,0.9,0
Tomato_stewed_(without_addition_of_fat_and_salt),26,0.3,4,3.9,1.5,1.1,0
Tomme_cheese,284,22.5,0,0,0,20.3,1.8
Tongue_(average_of_veal_and_beef)_raw,188,12.3,2.8,0,0,16.6,0.2
Tortilla_chips_corn-based,509,27.2,56,2.4,4.4,7.8,2.4
  out_raw,127,7,0,0,0,16,0.1
  out_whole_boiled_(without_addition_of_fat_and_salt),116,6.2,0,0,0,15,0.1
Tuna_in_oil_drained,186,8.4,0,0,0,27.6,0.9
Tuna_in_water_drained,117,1.6,0,0,0,25.6,1
Tuna_salad_on_oil-vinagre-dressing_(made_from_tuna_in_water),109,4.9,6.8,3.1,1.1,9,0.8
Turkey_breast_(schnitzel_ground)_raw,108,1.3,0,0,0,24,0.2
Turkey_brest_schnitzel_ground_pan_fried_(without_addition_of_fat_and_salt),139,1.3,0,0,0,31.8,0.2
Tyrolese_cake,412,23.1,41.4,20.4,2.5,8.3,0.1
Vacherin_Fribourgeois,370,30.4,0,0,0,23.5,1.5
Vacherin_Mont_d'or,279,23.2,0,0,0,17.2,1.7
Vanille_cream_home-made_cooked,109,4.6,12.7,11.6,0,4.3,0.1
Veal_(average_excluding_offal_chop)_raw,128,4.8,0,0,0,21.1,0.2
Veal_piccata_prepared,217,11.6,5.5,0.1,0.3,22.5,0.9
Veal_ragout_with_gravy_prepared,85,3.2,2.9,1.2,0.6,10.7,0.7
Veal_schnitzel_pan_fried_(without_addition_of_fat_and_salt),128,1.6,0,0,0,28.4,0.2
Veal_schnitzel_pan_fried_in_rapeseed_oil_HOLL,185,8.6,0,0,0,26.8,1
Veal_breast_cooked_(without_addition_of_fat_and_salt),234,15.5,0,0,0,23.5,0.1
Veal_breast_raw,204,14.5,0,0,0,18.3,0.2
Veal_chop_raw,161,8.7,0,0,0,20.7,0.1
Veal_chopped_pan_fried__(without_addition_of_fat_and_salt),123,1.1,0,0,0,28.2,0.1
Veal_chopped_raw,98,1.1,0,0,0,22,0.1
Veal_eye_of_round_raw,104,1.8,0,0,0,21.9,0.1
Veal_filet_raw,119,3.8,0,0,0,21.2,0.2
Veal_filet_steak_raw,113,2.4,0,0,0,22.8,0.1
Veal_kidney_raw,112,5,1,  .,0,15.8,0.4
Veal_knuckle_braised_(whitout_addition_of_fat_and_salt),165,5.1,0,0,0,29.7,0.1
Veal_knuckle_raw,122,4.4,0,0,0,20.7,0.2
Veal_liver_raw,135,4.3,4.6,0,0,19.6,0.2
Veal_minced_raw,104,2.4,0,0,0,20.5,0.1
Veal_ragout_raw,102,2.4,0,0,0,20,0.1
Veal_round_schnitzel_raw,103,1.6,0,0,0,22.2,0.2
Veal_shoulder_roast_in_oven_(without_addition_of_fat_and_salt),163,5.4,0,0,0,28.6,0.3
Veal_shoulder_roast_raw,124,4.8,0,0,0,20.2,0.2
Veal_sweetbread_raw,99,3.4,0,0,0,17.2,0.2
Veal_tongue_raw,181,11.6,1.9,  .,0,17.2,0.2
"Veal,steak_pan_fried_(without_addition_of_fat_and_salt)",144,3.9,0,0,0,27.3,0.3
Vegetable_au_gratin_baked,58,3.9,2.3,1.5,1.8,2.6,0.3
Vegetable_lasagne_prepared,133,7.6,11.2,2.4,1.1,4.4,1.2
Vegetables_(average)_raw,28,0.3,4,3.3,2,1.2,0
Vegetarian_minced/pieces_meat_substitute_based_on_mycoprotein_raw,92,2.3,1.6,0,6,13.4,0.3
Vermouth_15_vol%,139,0,13.5,13.5,0,0.1,0.1
Vinaigrette_dressing_(with_rapeseed_oil),255,25.2,2.1,1.5,0.6,4.6,0.3
Vinegar,22,0,0.7,0.3,0,0.1,0
Vinegar-oil-salad_dressing_home-made_(with_rapeseed_oil),315,33.2,2.7,2,1,0.8,0.7
Vitello_tonnato_with_garnish,173,10.9,0.7,0.6,0.2,17.9,0.6
Vitello_tonnato_without_garnish,198,12.4,0.3,0.3,0,21.4,0.7
Walnut,709,67.3,6.9,3,6.7,15.7,0
Walnut_oil,810,90,0,0,0,0,0
Wasabi_Paste,308,10.6,49.6,  ,1.3,2.9,5.8
Water_cress_raw,17,0.2,0.3,0.3,2.6,2.2,0.1
Water_ice,88,0,22,22,0,0,0
Watermelon_fresh,37,  .,8.3,7.9,0.5,0.7,0
Weggli_bread_roll_made_with_butter,309,8.7,47.3,3.4,2.2,9.4,1.6
Weisswurst_(veal_sausage),220,18.9,0.6,0.6,0,11.8,2
Wheat_bran_raw,264,4.7,17.7,1.9,45.1,15.2,0
Wheat_flour_bakery_type_550,344,1.3,69.5,0.3,3.2,12,0
Wheat_flour_high_ash_type_1100,339,1.7,64.6,0.6,5.7,13.5,0
Wheat_flour_semi_white_type_720,340,1.5,66.2,0.5,5,13,0
Wheat_flour_white_type_400,346,1.1,71,0.3,3.2,11.5,0
Wheat_flour_wholemeal_type_1700,338,2,61,1,11,13.5,0
Wheat_germ,375,9.5,35.1,10,16.3,29.2,0
Wheat_germ_oil,810,90,0,0,0,0,0
Wheat_risotto_cooked,163,3,26.1,1.1,5.9,5,1.1
Wheat_starch,348,0.1,85.8,0,1.2,0.4,0
Wheat_wolemeal_flakes,335,1.8,59.6,0.7,13.3,13.5,0
Wheat_soft_whole_grain,327,1.8,59.6,0.7,13.3,11.4,0
White_bread,242,0.8,48.9,0.2,2.5,8.5,1.7
White_bread_from_Ticino,323,5.2,57.1,0.6,2.9,10.3,1.7
White_cabbage_raw,36,0.6,4.6,4.2,3.5,1.4,0
White_cabbage_steamed_(without_addition_of_salt),35,0.6,4.4,4,3.3,1.3,0
White_cabbage_stewed_(without_addition_of_fat_and_salt)_,37,0.6,4.6,4.2,3.5,1.4,0
Whitefish_raw,101,2.7,0,0,0,19.2,0.1
Whole_milk_powder,480,26.2,35.1,35.1,0,24.7,0.9
Whole_milk_3.5_%_Fat_UHT,65,3.5,5,5,0,3.2,0.1
Whole_milk_pasteurized,68,4,4.7,4.7,0,3.2,0.1
Whole_milk_UHT,68,4.1,4.6,4.6,0,3.2,0.1
Wholemeal_pasta_egg-free_cooked_in_salted_water_(uniodised),152,1.2,26.8,0.3,5.4,5.9,1
Wholemeal_pasta_egg-free_dry,338,2.5,60.6,0.7,11.5,12.6,0
Wholemeal_rice_waffles,390,2.8,81.5,1.5,4.2,7.7,0.8
Wholewheat_bread,213,1.3,38.3,0.7,6.9,8.6,1.4
Wienerli_(Swiss_sausage),242,20.4,0.6,0.6,0,13.9,2.2
Wienerli_(Swiss_sausage)_cooked,220,18.4,0.6,0.6,0,13,1.8
Wild_boar_raw,108,3.4,0,0,0,19.5,0.2
Wine_red_12_vol%,69,0,0.3,0.3,0,0.2,0
Wine_red_13.5_vol%,76,0,0.2,0.2,0,0,0
Wine_red_9_vol%,54,0,0.2,0.2,0,0.2,0
Wine_white_11_vol%,70,0,2,2,0,0.1,0
Wine_white_12.5_vol%,71,0,0.1,0.1,0,0.2,0
Wine_white_spritzer_sour,36,0,0.1,0.1,0,0.1,0
Wine_white_spritzer_sweet,55,0,4.8,4.8,0,0.1,0
Yeast_(baking)_pressed,96,1.2,1.1,0,6.9,16.7,0.1
Yeast_dough_(with_butter)_sweet_raw,311,11.1,43.2,6.4,1.9,8.7,0.9
Yeast_dough_(with_vegetable_fat)_sweet_raw,300,11.1,39.9,1.1,2.1,9.2,1
Yeast_dried,354,4.2,26.5,3.2,9.5,47.9,0.2
Yellow_plum_fresh,76,0.2,18,13.3,2.2,0.6,0
Yoghurt_with_added_sugar_(average),105,3.4,14.7,13.8,0.4,3.7,0.1
Yogurt_Bifidus_plain,66,3.6,4.5,4.5,0,4,0.1
Yogurt_dressing_(without_oil),64,3.3,5,5,0.1,3.6,0.5
Yogurt_flavored_low_fat_with_sweetener,47,0.1,7,7,0,4.4,0.1
Yogurt_natural,66,3.6,4.5,4.5,0,3.9,0.1
Yogurt_substitute_soy-based_plain,45,2.2,1.5,0.6,1.5,4,0.1
Yogurt_substitute_soy-based_plain_with_calcium_fortified,45,2.2,1.5,0.6,1.5,4,0.1
Yogurt_substitute_soy-based_with_fruits_or_flavour,82,1.8,12.2,10.9,1.4,3.4,0.1
Yogurt_substitute_soy-based._with_fruit_or_flavour_with_calcium_fortified,82,1.8,12.2,10.9,1.4,3.4,0.1
Yogurt_with_fruit_low_fat_with_sweetener,49,0.1,7,7,0.9,4.5,0.1
Yogurt_chocolate,120,3.9,16.9,15.5,0.8,3.9,0.1
Yogurt_hazelnut,119,4.6,15,14,0.9,3.8,0.1
Yogurt_low_fat,42,0.1,5.5,5.5,0,4.7,0.2
Yogurt_mocca,99,3.1,14.1,13.2,0,3.7,0.1
Yogurt_mocca_organic,95,3.3,13.1,12.4,0,3.4,0.1
Yogurt_s  awberry,101,2.7,15.2,14.3,0.9,3.4,0.1
Yogurt_vanilla,98,3,14,13.1,0,3.7,0.1
Zampone,361,31.6,0,0,0,19.1,3.4
Ziger_white,122,7.2,3.3,3.3,0,10.9,0.1
Zucchini_piccata_prepared,124,8,6.6,1.8,1.1,5.7,0.2
Zucchini_slices_breaded_prepared,127,5.5,13.5,2.1,1.5,5,0.2
Zucchini_raw,19,0.2,2,1.9,1,1.8,0
Zucchini_steamed_(without_addition_of_salt),20,0.2,2.2,2.1,1.1,1.9,0
Zucchini_stewed_(without_addition_of_fat_and_salt),23,0.2,2.4,2.3,1.2,2.2,0